customer_id,recency,frequency,avg_order_value
12346.0,325,1,77183.6
12347.0,1,7,615.71
12348.0,74,4,449.31
12349.0,18,1,1757.55
12350.0,309,1,334.4
12352.0,35,8,313.26
12353.0,203,1,89.0
12354.0,231,1,1079.4
12355.0,213,1,459.4
12356.0,22,3,937.14
12357.0,32,1,6207.67
12358.0,1,2,584.03
12359.0,57,4,1593.14
12360.0,51,3,887.35
12361.0,286,1,189.9
12362.0,2,10,522.62
12363.0,109,2,276.0
12364.0,7,4,328.28
12365.0,290,2,320.69
12367.0,3,1,168.9
12370.0,50,4,886.42
12371.0,44,2,943.98
12372.0,71,3,432.68
12373.0,310,1,364.6
12374.0,24,1,742.93
12375.0,10,2,228.75
12377.0,314,2,814.06
12378.0,129,1,4008.62
12379.0,81,2,426.12
12380.0,21,4,681.2
12381.0,4,5,369.06
12383.0,184,5,370.11
12384.0,28,2,292.64
12386.0,337,2,200.95
12388.0,15,6,463.44
12390.0,79,1,549.84
12391.0,21,1,460.89
12393.0,71,4,395.65
12394.0,63,2,636.24
12395.0,18,12,251.55
12397.0,35,2,1204.95
12398.0,45,1,1635.66
12399.0,118,4,277.16
12401.0,302,1,84.3
12402.0,322,1,225.6
12403.0,49,1,427.7
12405.0,148,1,1710.39
12406.0,21,2,1707.65
12407.0,49,5,341.62
12408.0,32,5,577.71
12409.0,78,3,3690.89
12410.0,308,2,346.66
12412.0,74,3,408.96
12413.0,66,3,252.7
12414.0,216,3,187.47
12415.0,23,21,5948.31
12417.0,2,9,405.46
12418.0,112,1,668.58
12420.0,63,1,600.39
12421.0,15,4,201.76
12422.0,95,3,267.85
12423.0,0,8,232.41
12424.0,162,2,880.48
12425.0,77,1,777.2
12426.0,194,1,582.73
12427.0,21,3,275.27
12428.0,25,9,884.05
12429.0,8,4,937.6
12430.0,42,1,256.4
12431.0,35,15,432.5
12432.0,42,5,1011.86
12433.0,0,7,1910.84
12434.0,84,2,403.07
12435.0,79,2,3914.94
12436.0,99,1,509.01
12437.0,1,18,275.08
12438.0,13,2,1453.42
12441.0,366,1,173.55
12442.0,2,1,172.06
12444.0,20,5,1001.09
12445.0,21,1,133.4
12446.0,57,1,1002.31
12447.0,242,1,476.49
12448.0,43,1,449.45
12449.0,21,4,1016.82
12450.0,155,2,98.94
12451.0,10,5,1807.1
12452.0,16,2,215.28
12453.0,133,1,707.09
12454.0,55,1,3528.34
12455.0,72,6,411.14
12456.0,43,3,1060.35
12457.0,65,7,337.6
12458.0,70,2,473.7
12461.0,93,2,413.44
12462.0,18,2,594.79
12463.0,52,4,336.2
12464.0,9,8,151.51
12465.0,16,2,371.1
12468.0,187,2,364.77
12471.0,1,30,660.8
12472.0,31,7,938.87
12473.0,28,5,787.71
12474.0,16,18,409.77
12475.0,53,1,723.38
12476.0,15,11,619.67
12477.0,22,6,2203.29
12478.0,3,1,680.99
12479.0,10,1,527.2
12480.0,27,4,820.41
12481.0,22,10,559.63
12483.0,16,8,310.62
12484.0,32,6,756.95
12488.0,9,3,432.89
12489.0,335,1,334.93
12490.0,4,10,541.79
12491.0,38,1,460.4
12492.0,62,2,131.61
12493.0,165,2,216.87
12494.0,15,7,178.01
12497.0,81,1,1043.1
12498.0,20,3,134.57
12500.0,22,11,387.07
12501.0,336,1,2169.39
12502.0,95,5,744.77
12504.0,17,2,241.02
12506.0,232,1,73.5
12507.0,133,3,434.94
12508.0,25,2,199.14
12509.0,283,1,176.5
12510.0,142,2,491.28
12512.0,65,2,69.02
12513.0,112,1,612.29
12514.0,266,1,1017.68
12515.0,352,1,383.7
12516.0,77,2,656.03
12517.0,27,5,500.57
12518.0,0,5,411.38
12519.0,63,1,340.84
12520.0,78,5,526.85
12521.0,142,1,599.68
12522.0,38,2,96.36
12523.0,18,11,162.71
12524.0,8,8,560.72
12526.0,0,3,438.89
12527.0,81,3,116.24
12528.0,8,6,322.25
12530.0,59,4,415.57
12531.0,14,1,125.22
12532.0,29,1,349.83
12534.0,130,1,1089.18
12535.0,91,2,358.18
12536.0,42,3,4200.61
12538.0,28,1,363.95
12539.0,21,4,1392.09
12540.0,19,17,788.25
12541.0,29,3,327.06
12544.0,35,1,372.7
12545.0,74,2,500.2
12546.0,46,2,580.75
12547.0,197,2,103.9
12548.0,165,1,95.2
12550.0,78,1,964.83
12551.0,357,1,168.0
12552.0,38,2,218.91
12553.0,7,10,369.23
12556.0,49,2,301.86
12557.0,15,5,2398.19
12558.0,7,1,269.96
12559.0,310,2,280.86
12560.0,4,3,711.34
12561.0,302,1,238.85
12562.0,7,7,540.25
12564.0,260,1,456.9
12565.0,288,1,145.92
12566.0,85,1,351.65
12567.0,22,10,940.13
12569.0,1,32,128.9
12571.0,39,2,259.8
12572.0,8,2,510.21
12573.0,226,1,160.54
12574.0,315,1,218.45
12576.0,35,5,263.17
12577.0,34,3,219.27
12578.0,20,2,1397.26
12579.0,77,1,440.42
12580.0,246,1,415.7
12581.0,39,1,197.71
12582.0,238,2,255.68
12583.0,2,15,485.43
12584.0,3,9,259.79
12585.0,233,2,1020.05
12586.0,16,1,196.94
12587.0,7,1,144.0
12588.0,38,1,214.9
12589.0,28,2,323.34
12590.0,210,2,4932.13
12591.0,316,1,452.85
12592.0,91,2,218.8
12593.0,108,3,139.37
12594.0,37,10,333.82
12596.0,50,2,309.14
12597.0,18,4,952.8
12598.0,9,8,377.88
12599.0,28,7,147.51
12600.0,28,10,259.9
12601.0,189,5,115.41
12602.0,58,1,153.12
12603.0,21,1,739.2
12604.0,78,2,127.09
12607.0,59,1,1579.51
12609.0,77,3,375.62
12610.0,22,5,419.91
12611.0,51,1,1193.32
12612.0,73,1,704.04
12613.0,56,5,668.88
12614.0,277,1,315.6
12615.0,1,4,572.8
12616.0,94,2,356.65
12617.0,28,1,355.53
12618.0,21,1,177.31
12619.0,15,9,404.58
12620.0,14,3,446.47
12621.0,1,20,684.48
12622.0,231,1,180.1
12623.0,275,1,305.1
12624.0,105,2,320.56
12625.0,211,2,1341.91
12626.0,22,9,735.61
12627.0,10,7,639.79
12628.0,3,3,262.15
12630.0,9,2,635.44
12631.0,56,1,640.5
12633.0,58,4,541.0
12635.0,89,2,844.59
12637.0,66,8,752.74
12638.0,32,1,671.69
12639.0,238,1,486.1
12640.0,23,3,391.53
12641.0,114,1,185.9
12642.0,24,3,337.75
12643.0,127,6,557.44
12644.0,129,1,477.91
12645.0,33,4,443.8
12646.0,4,2,673.48
12647.0,21,12,310.24
12648.0,154,1,318.05
12649.0,106,3,207.84
12650.0,2,1,314.44
12651.0,334,1,114.0
12652.0,330,1,919.98
12653.0,148,2,1104.92
12654.0,10,5,120.4
12656.0,16,5,810.23
12657.0,10,4,410.8
12658.0,18,1,686.05
12659.0,29,1,91.68
12660.0,10,1,245.1
12662.0,0,11,349.98
12664.0,7,9,542.43
12665.0,324,1,63.0
12667.0,57,1,620.13
12668.0,11,4,951.79
12669.0,150,3,914.68
12670.0,9,5,599.21
12672.0,329,1,225.9
12673.0,4,2,305.26
12674.0,38,4,492.65
12676.0,24,6,221.9
12678.0,41,12,1469.04
12679.0,58,4,278.26
12680.0,0,4,215.7
12681.0,14,22,626.71
12682.0,3,31,396.39
12683.0,3,15,565.1
12684.0,7,7,326.23
12685.0,27,6,477.18
12686.0,371,1,89.14
12688.0,113,1,4873.81
12689.0,25,2,623.8
12690.0,205,1,389.01
12691.0,27,6,172.63
12693.0,126,4,213.98
12694.0,69,2,434.84
12695.0,6,4,145.52
12697.0,28,3,319.2
12700.0,7,4,1235.0
12701.0,79,2,398.86
12702.0,19,1,219.0
12703.0,70,1,283.55
12704.0,6,8,292.6
12705.0,14,9,763.14
12707.0,291,1,603.42
12708.0,29,10,271.29
12709.0,14,15,649.1
12710.0,96,3,383.01
12712.0,28,13,338.16
12713.0,0,1,848.55
12714.0,8,5,941.77
12715.0,105,1,353.86
12716.0,3,2,526.74
12717.0,150,2,515.49
12718.0,70,1,238.25
12719.0,4,2,322.48
12720.0,2,25,231.27
12721.0,31,6,442.69
12722.0,84,4,249.41
12723.0,3,5,145.01
12724.0,4,4,257.85
12725.0,370,1,427.8
12726.0,27,7,372.73
12727.0,10,7,568.67
12728.0,70,4,209.08
12729.0,113,1,453.01
12731.0,23,12,1574.66
12732.0,179,1,236.26
12733.0,233,1,383.95
12734.0,352,1,110.4
12735.0,314,2,389.78
12736.0,332,1,234.0
12738.0,371,1,155.35
12739.0,77,2,506.52
12740.0,63,1,427.6
12743.0,133,2,273.21
12744.0,51,7,3039.9
12747.0,1,11,381.46
12748.0,0,210,160.57
12749.0,3,5,818.18
12750.0,128,1,275.88
12752.0,80,1,4366.78
12753.0,22,6,3571.56
12754.0,235,3,1003.58
12755.0,280,2,1905.98
12756.0,86,1,112.08
12757.0,15,13,604.39
12758.0,116,2,1395.8
12759.0,51,3,510.48
12762.0,7,2,949.26
12763.0,137,2,247.04
12764.0,316,1,1693.88
12766.0,3,7,998.52
12769.0,238,1,1143.6
12770.0,210,1,1351.45
12772.0,59,1,892.47
12775.0,16,5,277.21
12778.0,19,6,137.04
12779.0,37,8,497.67
12781.0,63,2,413.37
12782.0,4,5,466.18
12783.0,1,6,370.98
12784.0,8,2,287.21
12785.0,363,1,311.95
12787.0,9,3,154.55
12789.0,64,1,91.85
12790.0,191,1,324.92
12791.0,373,1,192.6
12792.0,256,1,400.54
12793.0,334,2,272.74
12794.0,52,2,430.2
12795.0,18,1,430.48
12797.0,365,1,254.03
12798.0,9,3,2325.68
12802.0,186,1,427.58
12808.0,36,3,161.22
12809.0,177,1,489.31
12811.0,260,3,171.62
12812.0,44,1,229.64
12814.0,101,1,125.92
12815.0,147,2,531.73
12816.0,95,2,286.1
12817.0,280,1,166.04
12818.0,261,1,1542.08
12820.0,2,4,235.58
12821.0,213,1,92.72
12822.0,70,2,474.44
12823.0,74,5,351.9
12824.0,59,1,397.12
12826.0,2,7,210.67
12827.0,5,3,143.38
12828.0,2,6,169.78
12829.0,336,2,146.5
12830.0,37,6,1135.77
12831.0,261,1,215.05
12832.0,31,2,191.52
12833.0,144,1,417.38
12834.0,282,1,312.38
12836.0,58,4,653.22
12837.0,172,1,134.1
12838.0,33,2,341.56
12839.0,2,14,399.39
12840.0,143,4,681.69
12841.0,4,25,160.89
12842.0,69,2,559.5
12843.0,65,8,212.78
12844.0,28,2,162.98
12845.0,266,4,88.52
12847.0,21,1,871.54
12849.0,30,2,525.44
12851.0,96,1,135.18
12852.0,294,1,311.55
12853.0,134,6,326.18
12854.0,78,3,441.5
12855.0,372,1,38.1
12856.0,7,6,363.32
12857.0,210,2,553.2
12863.0,51,1,521.2
12864.0,137,1,147.12
12865.0,25,2,784.12
12866.0,282,1,559.12
12867.0,25,7,576.69
12868.0,185,6,267.84
12871.0,83,2,190.32
12872.0,326,2,299.98
12873.0,281,1,374.0
12875.0,142,2,171.62
12876.0,57,2,1109.01
12877.0,3,12,127.98
12878.0,235,2,427.5
12879.0,44,3,191.07
12881.0,275,1,298.0
12882.0,8,2,731.52
12883.0,24,4,175.87
12884.0,87,1,309.05
12885.0,62,3,391.74
12886.0,67,2,689.2
12888.0,213,2,177.06
12890.0,23,1,380.47
12891.0,185,3,110.33
12893.0,30,1,188.14
12895.0,41,2,186.4
12897.0,204,2,108.25
12901.0,8,28,630.52
12902.0,264,1,138.68
12904.0,17,2,254.79
12906.0,11,5,583.96
12908.0,175,2,375.0
12909.0,39,5,435.73
12910.0,22,8,384.38
12912.0,2,5,332.46
12913.0,4,5,496.73
12915.0,148,2,181.82
12916.0,138,4,751.54
12917.0,127,1,594.0
12919.0,7,6,222.53
12920.0,16,1,164.23
12921.0,8,37,448.3
12922.0,160,1,405.38
12923.0,63,1,176.97
12924.0,87,4,233.42
12925.0,4,2,347.02
12928.0,34,5,412.54
12929.0,311,1,117.85
12930.0,77,2,207.9
12931.0,21,15,2803.73
12933.0,23,3,202.51
12935.0,1,7,308.67
12936.0,16,4,265.98
12937.0,14,4,376.07
12938.0,25,1,114.14
12939.0,63,8,1447.72
12940.0,54,2,456.77
12942.0,130,3,227.97
12944.0,35,2,302.26
12945.0,287,1,462.95
12947.0,143,6,267.33
12948.0,15,7,294.99
12949.0,30,8,520.9
12950.0,1,3,614.33
12951.0,8,6,177.34
12952.0,5,4,346.95
12953.0,9,1,329.85
12955.0,0,11,432.47
12956.0,305,1,108.07
12957.0,9,8,502.19
12962.0,6,2,133.2
12963.0,7,8,232.08
12965.0,88,1,771.91
12966.0,9,1,160.18
12967.0,357,2,830.45
12968.0,111,1,135.95
12970.0,6,4,113.06
12971.0,3,86,130.12
12974.0,197,1,144.8
12976.0,211,1,738.6
12977.0,155,1,39.24
12980.0,157,9,819.43
12981.0,29,2,186.11
12982.0,242,1,390.54
12984.0,18,1,97.5
12985.0,0,2,619.69
12987.0,73,2,279.35
12988.0,291,1,535.32
12989.0,2,15,461.61
12990.0,30,3,136.5
12991.0,22,2,251.88
12993.0,22,4,103.69
12994.0,3,3,324.81
12995.0,84,1,211.32
12997.0,21,4,306.72
12999.0,195,3,151.96
13000.0,106,3,178.28
13001.0,3,13,755.29
13002.0,317,1,120.95
13003.0,105,3,49.68
13004.0,11,18,314.22
13005.0,173,2,256.85
13006.0,55,1,81.57
13008.0,322,1,229.47
13011.0,371,1,50.55
13012.0,8,8,207.73
13013.0,0,13,370.07
13014.0,10,10,346.63
13015.0,52,5,669.26
13016.0,72,3,263.3
13017.0,6,1,204.0
13018.0,15,28,259.92
13021.0,3,9,290.71
13023.0,63,2,344.95
13026.0,0,5,195.07
13027.0,113,6,1152.0
13028.0,22,2,330.66
13029.0,30,3,415.83
13030.0,10,2,399.74
13032.0,51,2,505.09
13033.0,356,1,190.55
13034.0,54,2,321.38
13035.0,73,2,460.94
13037.0,137,3,293.69
13038.0,79,3,302.82
13040.0,8,2,338.5
13043.0,272,1,516.42
13044.0,290,1,560.47
13045.0,98,1,305.28
13046.0,30,2,314.65
13047.0,31,10,323.75
13048.0,13,4,458.98
13049.0,63,2,328.34
13050.0,14,17,343.34
13052.0,211,1,348.15
13055.0,77,3,404.8
13058.0,24,3,90.47
13059.0,249,1,183.4
13060.0,253,1,307.53
13061.0,71,1,248.61
13062.0,190,1,346.98
13064.0,12,4,279.87
13065.0,372,1,205.86
13066.0,23,2,235.4
13067.0,81,1,115.46
13068.0,9,2,172.0
13069.0,0,24,184.84
13070.0,191,1,228.8
13072.0,266,1,177.15
13075.0,129,1,919.61
13077.0,0,4,182.32
13078.0,2,26,485.69
13079.0,3,5,44.02
13080.0,178,1,58.08
13081.0,11,11,2576.13
13082.0,125,9,401.51
13083.0,3,2,151.88
13085.0,157,2,208.04
13089.0,2,97,606.45
13090.0,8,14,636.49
13091.0,27,1,345.82
13092.0,70,5,95.57
13093.0,275,8,979.06
13094.0,20,12,160.61
13095.0,70,1,74.4
13097.0,32,10,601.04
13098.0,0,28,1031.52
13099.0,98,1,207.36
13101.0,233,1,101.19
13102.0,0,24,267.67
13103.0,39,1,243.94
13104.0,2,6,183.08
13106.0,132,1,76.5
13107.0,43,4,382.9
13108.0,372,1,350.06
13109.0,59,2,393.27
13110.0,30,7,212.67
13113.0,0,24,510.25
13115.0,11,4,573.7
13116.0,137,1,501.14
13117.0,21,8,123.11
13118.0,19,5,239.56
13120.0,238,1,30.6
13121.0,268,1,283.73
13122.0,93,2,461.2
13124.0,89,3,1288.78
13126.0,4,8,262.46
13127.0,77,1,259.17
13130.0,93,1,64.0
13131.0,22,3,357.77
13132.0,261,1,77.3
13133.0,273,2,54.9
13134.0,85,4,448.4
13135.0,196,1,3096.0
13136.0,55,5,521.52
13137.0,10,8,456.3
13138.0,21,6,160.4
13139.0,15,7,723.56
13140.0,107,3,141.24
13141.0,84,5,477.75
13142.0,18,1,307.09
13144.0,332,1,110.95
13145.0,39,4,154.63
13146.0,25,1,228.91
13147.0,9,4,178.2
13148.0,28,12,308.93
13149.0,13,4,419.02
13151.0,295,1,1257.87
13153.0,5,1,486.22
13155.0,32,4,242.94
13157.0,48,4,435.3
13158.0,94,4,300.26
13159.0,8,4,359.46
13160.0,21,1,91.8
13161.0,312,1,112.75
13162.0,121,4,422.07
13165.0,45,2,510.74
13166.0,282,1,417.2
13167.0,18,4,197.83
13168.0,35,4,329.8
13169.0,63,2,356.44
13170.0,26,1,116.01
13171.0,21,3,156.14
13173.0,3,2,176.82
13174.0,15,3,939.01
13176.0,45,1,492.84
13177.0,64,1,282.45
13178.0,25,11,520.5
13182.0,44,1,121.18
13183.0,7,9,439.75
13184.0,14,10,170.13
13185.0,267,1,71.4
13186.0,39,3,525.3
13187.0,336,1,236.02
13188.0,10,1,114.6
13189.0,18,2,130.34
13192.0,94,2,455.97
13193.0,60,1,117.88
13194.0,135,1,60.7
13196.0,10,4,449.44
13198.0,9,6,566.87
13199.0,3,38,258.35
13200.0,18,4,217.52
13203.0,9,4,217.36
13207.0,14,2,125.13
13208.0,58,6,203.98
13209.0,29,8,736.45
13210.0,93,1,353.48
13211.0,9,3,399.14
13212.0,19,3,262.69
13213.0,56,5,304.12
13216.0,267,1,333.74
13217.0,121,3,177.99
13218.0,126,1,62.64
13220.0,77,4,204.82
13221.0,239,2,423.7
13223.0,199,2,81.6
13224.0,59,2,1077.97
13225.0,2,7,923.41
13226.0,272,1,108.21
13227.0,201,1,257.7
13228.0,80,1,358.0
13229.0,225,1,160.95
13230.0,3,14,200.5
13232.0,12,7,193.94
13233.0,73,2,302.56
13235.0,211,1,1031.07
13236.0,24,2,372.42
13238.0,16,4,175.18
13239.0,261,1,329.56
13240.0,95,4,165.91
13242.0,111,3,90.13
13243.0,202,1,600.07
13244.0,92,1,121.74
13245.0,50,1,430.5
13246.0,17,6,331.22
13247.0,17,4,125.28
13248.0,124,2,232.84
13249.0,91,3,237.14
13253.0,156,2,515.2
13255.0,8,2,199.76
13256.0,13,1,0.0
13258.0,11,3,232.86
13259.0,61,1,292.32
13260.0,60,1,557.62
13261.0,268,2,472.05
13262.0,262,1,200.29
13263.0,0,35,212.97
13265.0,52,5,421.53
13266.0,10,12,319.52
13267.0,2,19,237.97
13268.0,17,11,292.24
13269.0,0,15,356.42
13270.0,365,1,590.0
13271.0,36,1,217.38
13272.0,30,2,138.28
13273.0,112,1,138.98
13276.0,63,2,295.47
13277.0,15,4,64.6
13278.0,40,1,542.73
13279.0,77,1,137.75
13280.0,121,3,271.62
13282.0,17,3,377.38
13283.0,59,2,46.83
13284.0,330,1,201.19
13285.0,22,4,677.28
13291.0,155,1,361.11
13292.0,38,2,289.47
13294.0,189,2,436.87
13295.0,359,1,201.2
13296.0,136,1,87.4
13297.0,7,4,522.46
13298.0,0,1,360.0
13299.0,267,1,142.5
13300.0,168,1,371.89
13301.0,103,4,154.52
13302.0,154,1,63.75
13304.0,350,1,300.42
13305.0,3,10,200.09
13307.0,119,1,15.0
13308.0,22,3,461.84
13309.0,6,5,291.36
13310.0,27,3,377.34
13311.0,3,2,299.29
13313.0,21,5,311.06
13314.0,1,3,258.65
13316.0,36,4,1494.43
13317.0,65,6,378.95
13318.0,0,3,213.59
13319.0,4,26,417.14
13320.0,77,4,387.18
13321.0,71,2,283.68
13322.0,16,1,199.48
13323.0,2,5,157.57
13324.0,35,10,712.2
13325.0,81,1,675.3
13327.0,38,8,453.47
13328.0,315,1,1308.48
13329.0,31,2,394.5
13330.0,92,3,380.31
13332.0,13,1,350.9
13334.0,81,3,1178.94
13336.0,76,1,795.12
13338.0,157,1,487.02
13339.0,200,1,860.12
13340.0,44,7,1533.78
13341.0,260,1,775.85
13343.0,177,1,353.43
13344.0,67,3,847.91
13345.0,287,1,389.5
13347.0,69,1,341.36
13348.0,63,1,233.76
13349.0,10,1,247.32
13350.0,15,2,489.56
13351.0,65,1,373.94
13352.0,59,1,397.98
13354.0,70,1,743.53
13355.0,121,1,674.7
13356.0,79,1,768.24
13357.0,256,1,609.95
13358.0,268,1,439.03
13359.0,63,1,439.56
13362.0,8,4,772.68
13363.0,17,2,496.25
13364.0,70,1,134.96
13365.0,33,2,1112.68
13366.0,49,1,56.16
13368.0,256,2,311.7
13369.0,365,1,308.28
13370.0,371,1,754.87
13372.0,89,1,378.64
13373.0,60,3,1104.08
13375.0,88,1,778.65
13376.0,98,3,339.92
13379.0,25,3,190.85
13381.0,31,6,606.55
13382.0,280,1,222.99
13384.0,30,7,593.13
13385.0,329,1,534.57
13388.0,130,2,338.55
13389.0,10,3,265.99
13390.0,74,1,544.08
13391.0,203,1,59.8
13394.0,1,8,315.0
13395.0,184,1,307.72
13396.0,28,2,680.5
13397.0,72,5,308.83
13398.0,191,1,457.34
13402.0,126,2,310.62
13403.0,17,1,75.0
13404.0,0,2,126.24
13405.0,73,3,190.82
13408.0,1,62,453.5
13410.0,23,5,200.61
13411.0,106,1,213.55
13414.0,133,3,463.5
13416.0,43,2,356.25
13417.0,4,2,320.42
13418.0,11,18,340.41
13419.0,63,1,221.06
13420.0,149,2,79.92
13421.0,39,2,925.54
13422.0,63,1,2626.3
13425.0,107,3,541.4
13426.0,0,10,364.13
13427.0,18,3,194.2
13428.0,9,1,218.47
13429.0,10,4,251.7
13430.0,18,2,339.72
13431.0,66,2,634.55
13434.0,73,2,267.12
13435.0,4,7,544.27
13436.0,1,1,196.89
13437.0,13,7,486.87
13439.0,254,1,283.71
13441.0,91,1,296.64
13447.0,22,3,376.38
13448.0,16,6,589.9
13449.0,23,1,291.88
13450.0,26,6,340.62
13451.0,25,5,595.23
13452.0,258,2,295.0
13453.0,165,2,178.49
13455.0,24,2,529.17
13456.0,17,6,294.45
13458.0,6,14,689.04
13460.0,28,2,91.72
13461.0,38,3,481.67
13462.0,252,1,151.5
13464.0,57,1,674.68
13466.0,183,1,307.9
13467.0,10,2,541.86
13468.0,1,37,154.19
13470.0,98,2,82.5
13471.0,0,4,632.9
13473.0,60,2,211.32
13474.0,235,1,229.59
13475.0,190,4,357.94
13476.0,178,2,619.24
13477.0,37,6,242.43
13479.0,200,2,150.48
13481.0,45,5,360.91
13482.0,231,1,184.64
13483.0,65,1,140.34
13484.0,240,1,313.8
13485.0,232,1,454.24
13486.0,77,3,374.14
13487.0,57,3,191.8
13488.0,16,13,689.87
13489.0,104,4,112.38
13491.0,51,10,121.58
13492.0,135,3,423.28
13493.0,274,2,309.32
13494.0,311,1,316.26
13495.0,7,5,408.97
13496.0,10,2,326.67
13497.0,282,2,174.02
13499.0,17,5,231.82
13500.0,22,3,388.92
13501.0,287,1,1340.32
13502.0,16,3,97.33
13503.0,70,1,216.85
13504.0,63,1,295.93
13505.0,72,4,1098.41
13506.0,315,2,229.26
13507.0,2,4,619.79
13508.0,243,1,110.97
13509.0,8,7,139.96
13510.0,0,4,447.89
13512.0,260,1,251.21
13513.0,126,1,205.1
13514.0,73,1,152.2
13515.0,72,4,222.78
13516.0,20,3,463.14
13517.0,59,3,709.47
13518.0,85,1,659.44
13519.0,77,1,122.75
13520.0,58,6,604.06
13521.0,0,3,364.55
13522.0,29,1,125.8
13523.0,32,5,792.98
13524.0,40,5,136.04
13525.0,14,2,314.39
13527.0,33,7,326.79
13529.0,78,2,153.88
13531.0,204,2,241.9
13532.0,33,1,210.31
13533.0,182,3,90.26
13534.0,1,25,234.8
13536.0,0,7,492.61
13538.0,42,7,182.98
13539.0,85,3,210.45
13544.0,39,2,145.71
13546.0,11,3,209.0
13548.0,95,2,341.2
13549.0,25,7,131.17
13551.0,318,1,91.8
13552.0,65,12,311.67
13555.0,73,4,1037.32
13557.0,27,2,292.03
13558.0,5,4,151.26
13560.0,6,1,174.37
13561.0,215,1,141.86
13562.0,81,3,599.78
13563.0,83,2,388.76
13564.0,143,3,583.01
13565.0,18,2,120.11
13566.0,40,2,437.36
13568.0,172,1,192.85
13569.0,16,2,186.88
13570.0,242,1,239.49
13571.0,12,12,174.36
13572.0,205,1,1384.25
13573.0,49,2,147.2
13575.0,22,5,146.41
13576.0,9,18,373.19
13577.0,24,4,421.9
13579.0,14,2,233.52
13581.0,308,1,118.0
13583.0,155,1,781.03
13584.0,306,1,142.4
13587.0,63,1,712.4
13588.0,15,9,275.44
13589.0,14,2,189.82
13590.0,10,6,330.32
13591.0,64,3,372.38
13592.0,35,4,61.99
13593.0,107,5,407.42
13594.0,52,1,396.97
13596.0,5,2,348.52
13598.0,46,1,180.17
13599.0,0,21,245.41
13600.0,311,1,219.52
13601.0,44,2,346.66
13602.0,64,1,428.89
13603.0,25,1,164.34
13606.0,28,3,93.51
13607.0,39,1,678.01
13610.0,11,7,161.7
13611.0,88,3,390.6
13614.0,23,4,402.62
13615.0,318,1,417.69
13617.0,39,3,181.39
13618.0,173,1,177.34
13621.0,116,1,213.85
13623.0,30,5,149.56
13626.0,252,1,257.23
13627.0,58,5,327.69
13629.0,22,11,708.4
13630.0,4,7,290.25
13631.0,99,11,279.13
13632.0,24,5,424.25
13634.0,32,5,315.03
13635.0,67,1,1071.03
13636.0,36,5,189.82
13637.0,51,3,270.17
13638.0,15,1,122.64
13639.0,73,1,1033.34
13642.0,215,1,354.8
13643.0,30,3,173.15
13644.0,15,4,656.06
13645.0,119,1,252.1
13647.0,9,4,419.53
13649.0,256,2,173.3
13650.0,16,6,306.06
13651.0,34,2,47.1
13652.0,45,3,365.03
13654.0,42,6,451.22
13655.0,113,2,466.48
13656.0,164,2,189.82
13657.0,10,2,191.07
13658.0,9,5,527.83
13659.0,205,2,786.6
13662.0,85,3,299.25
13663.0,178,1,189.47
13666.0,59,3,28.22
13667.0,148,1,305.02
13668.0,2,21,303.03
13669.0,50,2,109.28
13670.0,74,1,349.7
13672.0,300,2,93.2
13673.0,18,2,198.46
13675.0,150,2,243.41
13678.0,151,1,232.6
13680.0,0,4,930.6
13681.0,17,4,206.96
13682.0,186,1,59.5
13684.0,285,1,67.23
13685.0,2,7,445.63
13686.0,182,1,72.0
13689.0,62,1,910.0
13690.0,58,1,172.25
13692.0,24,3,496.11
13694.0,3,50,1300.79
13695.0,30,15,166.94
13697.0,38,1,151.3
13699.0,154,1,308.58
13700.0,25,10,226.51
13703.0,317,1,99.5
13704.0,4,9,256.45
13705.0,7,3,237.29
13706.0,302,1,330.79
13707.0,266,2,403.2
13708.0,270,1,296.88
13709.0,3,13,486.77
13710.0,31,1,180.48
13711.0,218,2,126.03
13712.0,246,1,228.84
13715.0,280,5,215.87
13716.0,268,1,138.28
13717.0,31,6,240.84
13718.0,245,2,153.28
13719.0,14,5,208.34
13720.0,116,4,199.98
13721.0,35,1,524.14
13722.0,131,3,791.8
13723.0,216,1,199.85
13725.0,49,8,247.57
13726.0,38,2,539.83
13727.0,28,2,166.74
13728.0,36,6,169.36
13730.0,135,2,376.3
13731.0,218,2,305.3
13732.0,27,1,491.86
13735.0,24,4,721.31
13736.0,4,2,365.95
13737.0,199,1,339.6
13739.0,17,1,216.9
13740.0,240,1,350.75
13741.0,71,3,222.81
13742.0,16,12,260.92
13743.0,2,7,191.66
13744.0,94,2,578.18
13745.0,161,1,300.04
13747.0,373,1,79.6
13748.0,95,5,189.65
13750.0,53,5,329.45
13751.0,287,1,296.25
13752.0,123,6,197.71
13753.0,287,1,741.26
13754.0,151,2,141.3
13755.0,3,9,240.15
13756.0,1,14,370.68
13758.0,11,7,455.79
13759.0,32,2,329.71
13760.0,53,2,143.4
13761.0,49,2,535.33
13762.0,218,1,306.72
13763.0,62,1,1714.96
13764.0,70,3,507.25
13767.0,1,37,465.42
13769.0,1,10,279.65
13771.0,63,4,658.61
13772.0,33,3,377.38
13774.0,81,1,345.0
13777.0,0,33,787.19
13778.0,102,1,178.7
13780.0,6,2,180.0
13781.0,250,1,127.84
13782.0,12,6,152.0
13784.0,9,11,223.89
13786.0,366,1,230.4
13787.0,75,2,154.52
13790.0,3,1,348.8
13791.0,127,2,758.0
13792.0,65,2,97.78
13798.0,0,57,651.82
13799.0,116,2,344.43
13800.0,309,1,558.32
13801.0,66,1,324.8
13802.0,138,3,1533.14
13803.0,254,1,277.07
13804.0,30,7,376.54
13805.0,51,2,462.3
13806.0,63,1,256.38
13807.0,366,1,112.6
13808.0,5,5,349.53
13809.0,304,1,155.05
13810.0,28,3,499.67
13811.0,183,3,271.5
13812.0,41,3,179.67
13813.0,39,4,341.72
13814.0,91,2,789.56
13815.0,21,4,1006.84
13816.0,23,2,285.83
13817.0,28,2,191.49
13819.0,301,3,380.12
13821.0,144,2,192.82
13822.0,5,2,316.0
13823.0,18,2,478.83
13824.0,32,5,339.79
13826.0,175,1,189.5
13827.0,57,3,137.35
13828.0,21,1,209.49
13831.0,15,6,367.16
13832.0,18,1,52.2
13833.0,158,1,384.8
13835.0,24,4,208.64
13837.0,211,2,135.62
13838.0,5,4,172.93
13841.0,252,1,85.0
13842.0,58,9,376.18
13844.0,10,1,361.62
13845.0,64,1,312.98
13846.0,24,3,288.35
13848.0,91,3,418.33
13849.0,51,2,768.98
13850.0,128,1,1595.48
13851.0,95,3,883.82
13853.0,56,1,1090.14
13854.0,8,25,324.38
13856.0,168,3,129.5
13858.0,56,1,216.17
13859.0,325,1,201.16
13860.0,0,5,249.18
13862.0,17,8,276.17
13863.0,247,1,305.78
13865.0,57,4,125.39
13866.0,73,1,145.67
13867.0,30,3,338.43
13868.0,6,2,1596.27
13869.0,122,4,776.24
13870.0,1,8,346.37
13871.0,22,13,492.56
13873.0,119,3,129.87
13874.0,357,1,540.45
13875.0,53,5,357.36
13876.0,63,1,122.7
13877.0,85,1,117.24
13878.0,54,1,1281.53
13880.0,20,13,247.67
13881.0,3,20,857.98
13882.0,2,5,238.23
13883.0,10,5,534.9
13884.0,6,5,157.52
13885.0,188,2,253.4
13886.0,70,1,243.56
13887.0,203,1,349.55
13888.0,119,2,302.82
13889.0,92,1,416.9
13890.0,0,10,188.38
13892.0,26,4,158.24
13893.0,297,1,821.1
13894.0,23,3,188.21
13895.0,27,4,648.27
13897.0,49,1,311.16
13898.0,325,1,155.93
13899.0,15,2,194.26
13900.0,182,3,246.98
13901.0,71,5,573.44
13904.0,36,2,166.32
13908.0,79,4,592.39
13911.0,56,9,286.77
13914.0,11,2,313.23
13917.0,49,2,136.02
13918.0,49,2,606.42
13919.0,58,2,192.4
13922.0,351,1,172.25
13923.0,53,1,351.13
13924.0,1,6,306.48
13925.0,92,4,169.56
13926.0,22,1,223.85
13927.0,74,1,348.99
13928.0,10,4,116.14
13929.0,168,2,421.32
13930.0,57,2,168.67
13931.0,95,2,618.76
13932.0,294,1,307.4
13933.0,108,2,304.4
13934.0,263,1,922.1
13936.0,179,1,376.58
13937.0,168,1,158.85
13938.0,34,1,71.66
13939.0,22,3,189.52
13940.0,16,4,209.78
13941.0,21,5,1022.59
13946.0,78,3,187.19
13947.0,64,1,90.6
13948.0,360,1,102.0
13949.0,2,6,404.55
13950.0,10,4,186.26
13951.0,175,3,224.82
13952.0,217,2,1625.54
13953.0,6,7,502.24
13954.0,1,2,219.96
13955.0,153,2,161.48
13956.0,4,5,205.28
13959.0,78,3,199.4
13960.0,20,2,115.11
13962.0,21,2,84.78
13963.0,307,4,166.14
13967.0,145,1,80.7
13969.0,6,18,503.0
13971.0,18,8,344.78
13972.0,70,2,95.12
13973.0,286,1,264.7
13974.0,48,1,413.59
13975.0,30,6,421.05
13976.0,206,1,357.98
13978.0,14,2,98.4
13979.0,72,1,869.87
13980.0,59,1,200.14
13982.0,38,4,467.95
13983.0,29,12,216.95
13984.0,26,5,184.1
13985.0,3,15,470.68
13986.0,16,1,320.46
13988.0,19,6,691.33
13989.0,65,2,633.04
13990.0,212,1,311.3
13991.0,11,6,142.66
13992.0,29,1,76.8
13993.0,42,9,385.15
13994.0,3,6,385.52
13995.0,14,5,278.74
13999.0,9,12,325.15
14000.0,210,1,635.66
14001.0,45,3,681.03
14002.0,133,2,264.86
14004.0,42,7,654.66
14005.0,9,5,574.94
14006.0,115,3,320.73
14009.0,197,2,347.8
14012.0,277,1,328.8
14013.0,109,3,157.67
14014.0,76,1,505.18
14015.0,52,1,917.34
14016.0,161,4,1085.3
14019.0,46,3,473.87
14020.0,16,2,321.4
14021.0,154,3,210.63
14022.0,224,1,440.0
14023.0,6,2,292.04
14024.0,121,2,163.85
14027.0,60,1,104.82
14029.0,62,2,233.83
14030.0,17,8,295.01
14031.0,6,19,909.83
14032.0,1,11,270.51
14034.0,21,3,217.27
14035.0,28,5,285.6
14036.0,284,1,626.65
14037.0,175,2,73.6
14038.0,77,3,520.13
14039.0,32,1,152.2
14040.0,40,12,301.24
14041.0,265,1,141.41
14044.0,26,4,163.21
14045.0,108,4,414.94
14046.0,283,1,154.99
14047.0,8,5,261.72
14048.0,304,1,409.93
14049.0,16,4,1420.43
14050.0,31,2,373.18
14051.0,0,23,678.71
14052.0,19,1,225.36
14053.0,123,2,130.12
14054.0,64,1,92.46
14055.0,105,1,725.64
14056.0,0,23,357.16
14057.0,23,17,365.76
14059.0,266,1,183.6
14060.0,4,19,323.18
14062.0,9,12,872.07
14064.0,28,5,270.75
14066.0,266,1,152.55
14067.0,63,2,187.35
14068.0,319,1,265.85
14071.0,3,8,179.85
14073.0,31,1,151.04
14075.0,4,3,314.09
14076.0,128,1,122.47
14077.0,40,5,99.88
14078.0,101,6,174.9
14079.0,124,1,375.1
14080.0,32,1,45.6
14081.0,301,2,467.26
14082.0,364,1,182.25
14083.0,3,9,113.16
14085.0,1,18,247.14
14087.0,2,1,194.42
14088.0,9,13,3883.99
14089.0,56,1,161.0
14090.0,324,1,76.32
14092.0,7,14,291.21
14093.0,11,1,442.85
14096.0,3,17,3833.22
14098.0,36,1,147.35
14099.0,15,11,282.2
14100.0,137,1,194.9
14101.0,73,6,996.13
14102.0,4,5,272.06
14104.0,154,2,108.1
14105.0,238,1,1266.23
14107.0,51,7,386.18
14108.0,30,2,298.96
14109.0,72,1,144.2
14110.0,3,12,473.6
14111.0,13,4,173.21
14112.0,22,7,416.45
14113.0,3,4,460.1
14114.0,273,2,193.26
14116.0,19,5,276.55
14117.0,143,1,90.0
14121.0,3,4,695.04
14124.0,83,1,419.58
14125.0,10,3,913.48
14126.0,7,3,235.38
14127.0,122,3,236.57
14128.0,60,2,318.75
14129.0,1,5,224.77
14130.0,318,1,483.86
14132.0,1,11,326.0
14133.0,129,3,201.88
14135.0,1,15,312.69
14138.0,1,2,491.19
14139.0,45,1,415.82
14140.0,3,2,467.52
14141.0,2,4,228.78
14142.0,372,1,311.81
14143.0,133,1,115.8
14145.0,46,4,935.55
14146.0,8,5,838.2
14147.0,77,2,241.7
14148.0,233,1,157.2
14149.0,220,1,446.62
14150.0,35,2,329.32
14152.0,74,2,310.64
14154.0,238,2,672.81
14155.0,265,1,118.75
14156.0,9,55,2134.18
14157.0,19,2,216.44
14158.0,39,1,507.66
14159.0,19,11,426.64
14161.0,215,3,370.17
14162.0,173,2,144.68
14163.0,86,4,611.48
14164.0,70,2,815.88
14165.0,275,1,122.54
14167.0,38,4,143.71
14171.0,97,1,363.79
14173.0,10,4,112.71
14174.0,32,1,134.46
14175.0,59,3,1074.1
14176.0,296,4,144.23
14177.0,85,4,139.85
14178.0,8,7,231.56
14179.0,40,2,359.89
14180.0,10,25,189.94
14184.0,66,1,452.89
14185.0,330,1,197.65
14188.0,30,6,342.39
14189.0,1,15,310.27
14191.0,1,13,360.37
14193.0,67,2,426.7
14194.0,4,21,540.45
14195.0,201,2,506.0
14196.0,106,1,335.52
14198.0,17,4,175.35
14199.0,217,1,185.4
14201.0,59,7,106.78
14204.0,1,1,161.03
14205.0,16,2,233.35
14206.0,238,1,328.16
14208.0,94,1,151.74
14209.0,10,6,345.57
14210.0,105,6,317.64
14211.0,52,9,249.01
14212.0,89,1,1070.48
14214.0,30,5,200.88
14215.0,11,6,298.29
14216.0,2,4,459.82
14217.0,1,17,117.94
14218.0,42,1,169.48
14219.0,3,1,89.94
14220.0,246,2,316.2
14221.0,41,9,381.42
14222.0,176,1,683.17
14223.0,91,3,330.38
14224.0,109,4,262.53
14226.0,28,5,446.44
14227.0,25,10,335.1
14229.0,51,3,515.73
14231.0,183,3,308.57
14232.0,42,5,409.61
14233.0,48,4,365.68
14234.0,21,4,193.86
14235.0,74,5,628.97
14236.0,80,2,245.43
14237.0,372,1,161.0
14238.0,325,1,146.85
14239.0,42,11,216.44
14240.0,29,2,445.17
14241.0,183,1,213.7
14242.0,234,2,140.28
14243.0,8,10,258.88
14245.0,219,2,846.72
14246.0,110,3,491.35
14247.0,277,1,136.77
14248.0,317,1,302.58
14250.0,6,3,634.68
14251.0,1,5,575.94
14256.0,259,2,484.53
14257.0,63,5,619.94
14258.0,8,9,1407.78
14259.0,141,1,120.0
14261.0,50,2,581.72
14262.0,7,8,327.28
14264.0,154,2,166.98
14265.0,108,2,265.09
14267.0,162,3,505.41
14270.0,331,1,492.65
14271.0,225,1,112.32
14272.0,73,2,218.98
14273.0,50,4,139.99
14276.0,98,3,373.25
14277.0,14,3,1405.4
14280.0,196,1,134.04
14282.0,2,15,248.62
14284.0,30,2,297.62
14285.0,20,4,477.5
14286.0,23,3,1542.92
14287.0,7,3,58.88
14288.0,212,1,426.6
14289.0,8,6,151.88
14290.0,10,5,462.93
14291.0,1,11,353.02
14292.0,7,9,541.33
14293.0,2,4,261.64
14295.0,39,1,166.2
14297.0,17,4,326.33
14298.0,7,44,1171.08
14299.0,7,9,440.62
14300.0,18,1,43.2
14301.0,116,1,640.14
14304.0,222,1,383.45
14305.0,70,3,619.65
14306.0,50,2,1046.66
14307.0,88,6,499.29
14309.0,7,9,261.39
14311.0,242,1,310.26
14312.0,46,6,268.6
14314.0,106,1,120.0
14315.0,44,6,413.52
14317.0,64,1,508.58
14320.0,206,2,238.9
14321.0,10,5,306.15
14323.0,114,2,302.53
14326.0,241,1,183.85
14327.0,162,1,311.65
14329.0,16,7,716.41
14331.0,123,2,231.33
14332.0,22,3,288.77
14333.0,67,1,415.2
14334.0,16,8,319.03
14335.0,15,2,234.13
14336.0,16,4,403.73
14338.0,160,2,294.11
14339.0,242,1,309.52
14340.0,218,1,134.7
14341.0,44,8,272.79
14342.0,20,4,167.14
14344.0,126,8,111.24
14345.0,38,1,108.98
14346.0,120,2,510.79
14348.0,259,1,409.57
14349.0,9,1,133.5
14350.0,273,1,282.93
14351.0,164,1,51.0
14352.0,156,4,269.74
14353.0,214,1,90.6
14354.0,5,2,81.81
14355.0,365,1,174.4
14356.0,79,2,350.62
14357.0,42,1,225.77
14359.0,18,3,304.06
14360.0,31,4,532.06
14362.0,21,1,161.2
14364.0,108,8,464.67
14367.0,7,16,578.84
14368.0,319,1,155.0
14371.0,294,1,100.5
14373.0,357,1,76.55
14375.0,184,1,257.68
14377.0,190,2,308.52
14379.0,43,2,174.05
14381.0,51,1,202.68
14382.0,25,1,626.07
14383.0,37,3,415.9
14385.0,8,3,67.37
14386.0,296,1,142.4
14387.0,32,3,590.19
14388.0,9,8,401.6
14389.0,64,2,521.73
14390.0,9,9,516.98
14393.0,217,1,67.95
14395.0,1,9,389.75
14396.0,64,2,244.0
14397.0,2,19,137.52
14400.0,148,1,574.7
14401.0,3,13,311.65
14403.0,129,4,368.95
14404.0,33,6,245.72
14406.0,118,1,156.75
14407.0,106,6,359.62
14408.0,10,7,372.36
14409.0,70,6,343.24
14410.0,91,9,122.79
14411.0,310,1,1063.0
14412.0,42,2,385.02
14413.0,361,1,122.7
14414.0,91,7,213.85
14415.0,0,13,453.87
14416.0,21,2,245.11
14418.0,3,3,645.75
14419.0,10,6,176.34
14420.0,98,1,387.52
14421.0,56,2,406.56
14422.0,0,6,710.61
14423.0,217,1,265.2
14424.0,17,1,322.08
14426.0,23,10,448.17
14427.0,49,2,181.67
14428.0,6,5,248.97
14431.0,302,1,470.36
14432.0,9,6,375.92
14434.0,21,6,228.8
14436.0,98,1,89.06
14437.0,365,1,63.0
14438.0,305,1,131.9
14439.0,319,1,2661.24
14440.0,7,5,471.54
14441.0,0,4,428.22
14442.0,204,2,794.91
14443.0,53,4,355.05
14446.0,0,4,259.9
14447.0,18,5,232.65
14448.0,8,2,187.68
14449.0,18,4,226.78
14450.0,180,3,161.08
14451.0,59,2,331.3
14452.0,10,2,132.22
14453.0,189,1,119.93
14456.0,4,9,340.27
14457.0,310,1,113.64
14459.0,154,1,1837.92
14460.0,109,3,144.78
14461.0,147,3,701.02
14462.0,65,11,182.18
14463.0,97,3,176.54
14465.0,246,3,352.87
14466.0,28,7,324.63
14467.0,17,4,149.69
14470.0,11,2,230.6
14472.0,103,8,242.1
14473.0,73,2,117.17
14474.0,45,1,547.66
14475.0,71,3,308.62
14476.0,256,1,215.7
14477.0,19,4,327.4
14479.0,253,2,158.12
14480.0,10,1,279.05
14481.0,164,2,318.26
14482.0,17,6,344.69
14483.0,281,1,137.1
14484.0,49,1,321.92
14485.0,38,1,165.75
14487.0,26,6,199.39
14488.0,67,1,1064.28
14489.0,206,1,463.38
14491.0,174,2,170.46
14493.0,6,5,476.65
14494.0,25,1,139.56
14495.0,50,2,61.9
14496.0,311,2,269.41
14497.0,308,1,475.37
14498.0,42,5,391.46
14499.0,25,3,271.77
14500.0,87,3,118.95
14501.0,183,2,125.6
14502.0,19,11,224.61
14503.0,2,6,590.54
14504.0,46,4,168.32
14505.0,16,8,738.2
14506.0,16,5,402.43
14507.0,23,6,230.53
14508.0,21,2,138.21
14511.0,10,5,262.96
14512.0,187,2,137.64
14513.0,100,3,151.86
14514.0,60,3,351.78
14515.0,17,6,350.35
14517.0,32,2,165.22
14518.0,63,1,174.37
14520.0,1,2,135.3
14522.0,23,4,243.64
14523.0,107,1,241.09
14524.0,31,9,207.52
14525.0,19,9,481.36
14527.0,2,55,154.71
14528.0,36,1,364.22
14529.0,59,3,206.68
14530.0,25,6,487.65
14532.0,235,4,233.21
14533.0,24,7,278.53
14534.0,2,18,247.06
14535.0,59,3,954.73
14536.0,259,1,171.8
14537.0,57,1,355.56
14538.0,64,2,194.12
14539.0,15,2,268.74
14540.0,9,3,332.09
14541.0,58,8,182.71
14542.0,185,1,103.25
14543.0,28,16,226.9
14544.0,23,2,1012.22
14546.0,4,5,515.62
14547.0,3,8,500.94
14548.0,150,2,326.4
14549.0,310,1,289.24
14550.0,10,2,382.81
14551.0,17,2,93.12
14552.0,151,1,165.07
14553.0,18,5,171.85
14554.0,9,4,595.26
14555.0,56,2,162.07
14557.0,84,1,788.38
14560.0,6,22,101.72
14561.0,75,3,360.25
14562.0,3,18,281.93
14565.0,95,4,774.78
14566.0,110,1,1432.0
14567.0,56,2,765.18
14569.0,0,1,227.39
14570.0,280,2,109.03
14572.0,2,7,404.69
14573.0,179,9,183.71
14576.0,371,1,35.4
14577.0,12,4,214.93
14578.0,2,1,168.63
14581.0,16,1,138.6
14582.0,40,1,114.11
14583.0,5,5,210.51
14584.0,168,4,260.56
14585.0,49,1,157.05
14586.0,276,1,237.36
14587.0,18,9,177.9
14589.0,371,1,39.75
14591.0,14,4,361.78
14592.0,34,3,190.15
14593.0,21,3,206.0
14594.0,6,2,189.92
14595.0,19,6,290.1
14597.0,10,2,441.58
14598.0,43,1,221.97
14600.0,305,1,393.33
14601.0,10,1,213.96
14603.0,274,1,660.0
14606.0,0,93,130.72
14607.0,15,14,1183.54
14608.0,3,4,446.29
14609.0,71,4,150.39
14616.0,242,3,135.36
14618.0,8,3,184.48
14619.0,245,1,394.44
14620.0,205,2,206.39
14621.0,0,5,357.67
14622.0,184,1,320.58
14623.0,31,5,177.85
14624.0,56,2,112.92
14625.0,195,2,449.82
14626.0,23,4,697.82
14628.0,90,2,335.98
14629.0,3,2,479.5
14631.0,50,3,335.66
14632.0,262,1,114.56
14633.0,265,1,344.9
14636.0,35,2,304.92
14638.0,50,1,443.6
14639.0,51,6,497.42
14640.0,23,6,354.18
14641.0,21,1,110.46
14642.0,58,1,96.12
14643.0,169,2,346.9
14644.0,67,2,415.38
14645.0,156,2,298.54
14646.0,1,74,3786.57
14647.0,200,1,243.22
14649.0,4,4,354.32
14651.0,66,2,327.3
14652.0,76,1,114.18
14653.0,0,7,278.22
14655.0,7,4,483.06
14656.0,168,2,145.52
14657.0,17,4,212.06
14658.0,4,2,123.58
14659.0,8,9,281.1
14660.0,86,2,142.87
14661.0,26,1,107.95
14662.0,28,4,192.79
14664.0,19,2,318.94
14665.0,60,5,367.14
14666.0,23,1,195.25
14667.0,10,25,369.65
14669.0,241,3,423.33
14670.0,279,2,205.76
14672.0,234,2,382.78
14673.0,2,5,347.28
14675.0,15,1,604.75
14676.0,30,6,424.71
14680.0,24,16,1797.13
14681.0,70,3,166.32
14682.0,187,2,26.0
14684.0,25,5,247.26
14687.0,106,1,628.38
14688.0,7,21,268.14
14689.0,208,1,112.8
14690.0,43,2,185.85
14691.0,30,5,422.87
14692.0,136,4,147.89
14693.0,264,1,172.9
14696.0,3,7,296.99
14697.0,217,2,94.3
14698.0,1,5,250.15
14699.0,213,1,109.13
14700.0,31,3,745.1
14701.0,10,9,283.26
14702.0,0,17,193.66
14703.0,14,1,318.17
14704.0,10,9,171.88
14705.0,198,1,179.0
14708.0,2,3,375.46
14709.0,14,13,378.54
14710.0,13,4,151.53
14711.0,9,11,260.8
14712.0,28,3,305.69
14713.0,8,11,242.4
14714.0,23,1,160.19
14715.0,24,4,216.84
14716.0,42,2,164.84
14719.0,1,5,320.43
14720.0,5,3,221.27
14722.0,146,1,187.92
14723.0,9,6,193.05
14725.0,24,1,718.08
14727.0,273,1,268.58
14729.0,373,1,313.49
14730.0,0,8,250.63
14731.0,46,3,126.67
14732.0,7,8,337.81
14733.0,15,12,798.83
14735.0,3,32,189.55
14737.0,3,3,388.18
14738.0,42,7,187.78
14739.0,3,7,557.47
14740.0,196,3,482.74
14741.0,11,6,233.39
14744.0,15,7,157.14
14745.0,112,5,244.05
14747.0,248,1,328.2
14748.0,28,5,283.15
14752.0,43,1,389.64
14753.0,86,1,563.15
14754.0,44,2,319.02
14755.0,9,11,455.48
14756.0,14,1,738.96
14757.0,74,1,420.5
14758.0,144,4,371.02
14759.0,4,3,541.99
14760.0,296,1,89.2
14761.0,58,2,127.95
14762.0,263,1,300.52
14764.0,46,1,278.3
14765.0,28,3,84.7
14766.0,7,6,412.23
14768.0,16,2,96.3
14769.0,2,8,1334.34
14770.0,231,2,438.21
14772.0,111,1,139.26
14775.0,57,3,337.3
14776.0,50,11,230.75
14778.0,126,2,365.43
14779.0,280,3,128.72
14780.0,54,2,223.84
14782.0,319,1,200.1
14784.0,25,2,145.0
14785.0,9,2,38.7
14788.0,6,2,339.72
14789.0,28,1,197.64
14790.0,16,4,186.26
14792.0,63,1,6.2
14793.0,20,1,228.99
14794.0,2,7,188.56
14795.0,165,1,131.45
14796.0,0,17,471.91
14798.0,52,3,57.91
14799.0,50,1,157.7
14800.0,47,12,361.64
14801.0,60,1,193.14
14803.0,161,3,281.85
14804.0,8,1,353.27
14805.0,14,4,138.66
14806.0,74,1,193.39
14808.0,39,8,342.65
14810.0,40,11,189.81
14813.0,369,2,77.72
14815.0,36,2,389.25
14816.0,196,1,271.85
14817.0,199,2,555.17
14818.0,73,3,219.27
14819.0,63,2,136.04
14820.0,20,4,126.82
14821.0,366,1,48.8
14823.0,179,3,107.14
14824.0,9,4,281.93
14825.0,3,12,185.58
14828.0,196,3,713.25
14829.0,28,4,174.39
14830.0,52,1,197.13
14834.0,17,6,286.72
14836.0,9,3,34.15
14837.0,89,4,412.38
14840.0,267,1,62.85
14841.0,52,6,549.29
14842.0,43,4,706.17
14844.0,63,4,797.45
14847.0,148,1,309.4
14849.0,21,25,317.22
14850.0,311,1,325.75
14851.0,22,2,255.68
14852.0,57,6,472.78
14853.0,23,2,237.9
14854.0,77,7,394.26
14855.0,118,2,322.82
14856.0,35,3,437.13
14857.0,59,2,586.56
14859.0,12,4,338.44
14860.0,18,1,170.32
14861.0,51,1,125.79
14862.0,25,2,420.6
14863.0,28,1,266.76
14865.0,6,2,26.1
14866.0,10,12,1199.16
14867.0,185,3,236.76
14868.0,2,8,369.2
14869.0,8,2,362.85
14870.0,261,1,327.25
14871.0,2,4,130.6
14873.0,209,1,519.68
14875.0,107,2,732.66
14878.0,12,9,165.06
14880.0,76,3,235.4
14881.0,19,1,255.4
14882.0,26,2,294.85
14883.0,18,6,126.93
14885.0,131,1,765.32
14886.0,252,1,364.8
14887.0,78,1,1862.0
14888.0,206,1,369.2
14889.0,335,1,135.9
14890.0,253,1,125.65
14891.0,147,2,277.19
14893.0,9,2,618.93
14894.0,84,1,655.75
14895.0,7,20,556.94
14896.0,204,2,234.39
14897.0,7,4,341.6
14898.0,22,6,217.25
14901.0,10,9,157.92
14902.0,25,1,332.66
14903.0,20,5,562.13
14904.0,1,2,512.72
14905.0,157,2,308.08
14907.0,2,7,500.16
14908.0,73,1,277.8
14910.0,2,4,108.59
14911.0,0,201,715.55
14912.0,16,2,433.92
14913.0,35,4,306.86
14915.0,90,2,153.74
14916.0,70,4,317.24
14918.0,115,2,805.08
14920.0,212,2,488.88
14921.0,29,2,658.04
14923.0,50,1,749.1
14924.0,245,1,310.05
14929.0,31,1,223.88
14930.0,108,3,790.95
14931.0,4,5,251.54
14932.0,365,1,363.53
14934.0,81,2,945.47
14935.0,296,1,1784.71
14936.0,33,8,1017.13
14937.0,56,3,540.63
14944.0,29,12,491.69
14946.0,13,1,100.9
14947.0,71,2,145.41
14948.0,22,6,183.66
14950.0,18,1,371.2
14951.0,78,1,311.69
14952.0,59,11,736.32
14953.0,24,1,289.82
14954.0,11,1,336.17
14957.0,252,1,58.49
14958.0,146,3,166.56
14959.0,63,4,173.86
14960.0,7,2,110.64
14961.0,10,9,782.74
14962.0,270,1,126.7
14963.0,9,5,297.56
14964.0,246,1,206.21
14965.0,95,2,299.5
14966.0,14,1,191.32
14967.0,49,1,463.8
14968.0,29,1,147.59
14970.0,67,4,398.02
14971.0,34,3,372.19
14972.0,127,1,114.77
14973.0,106,3,438.15
14974.0,36,1,114.39
14975.0,56,1,279.94
14976.0,56,7,112.98
14978.0,71,5,386.28
14981.0,245,1,102.12
14984.0,18,2,106.64
14985.0,197,2,148.38
14987.0,15,2,163.2
14988.0,211,1,334.54
14995.0,38,2,116.62
14997.0,45,3,182.07
14998.0,169,2,214.94
15000.0,47,1,490.52
15002.0,115,4,410.44
15004.0,146,1,1246.32
15005.0,15,28,225.59
15006.0,50,1,502.09
15007.0,158,1,156.91
15009.0,11,3,420.59
15010.0,35,1,308.94
15012.0,53,2,211.52
15014.0,42,2,130.08
15016.0,172,1,170.04
15017.0,33,1,125.58
15018.0,38,3,165.4
15019.0,266,1,266.0
15021.0,8,9,212.76
15022.0,11,4,226.26
15023.0,2,11,618.43
15024.0,9,10,166.13
15025.0,32,1,377.01
15026.0,79,3,156.33
15027.0,30,4,266.54
15028.0,7,4,156.78
15030.0,71,2,259.14
15031.0,3,4,167.04
15032.0,255,3,1653.03
15033.0,4,10,258.67
15034.0,15,8,538.58
15035.0,89,1,252.73
15036.0,71,3,155.18
15038.0,58,6,117.58
15039.0,9,47,423.71
15041.0,169,1,180.35
15042.0,198,1,135.93
15043.0,30,1,537.0
15044.0,18,17,452.95
15045.0,151,2,367.83
15046.0,8,15,347.58
15047.0,269,1,343.62
15048.0,64,4,96.01
15049.0,273,1,121.17
15050.0,24,3,594.03
15051.0,22,3,463.87
15052.0,318,1,215.78
15053.0,4,3,232.6
15054.0,11,2,151.05
15057.0,274,2,744.75
15058.0,24,11,193.18
15059.0,40,9,148.64
15060.0,7,4,75.77
15061.0,3,48,1136.13
15062.0,70,4,246.96
15063.0,212,1,370.8
15065.0,37,4,789.53
15066.0,52,1,893.59
15067.0,77,3,581.59
15068.0,45,2,276.68
15069.0,178,1,1109.53
15070.0,372,1,106.2
15071.0,93,2,491.04
15073.0,9,3,347.8
15074.0,104,1,748.87
15075.0,77,1,773.03
15076.0,172,1,880.85
15078.0,6,32,304.47
15079.0,212,4,223.9
15081.0,21,5,100.96
15083.0,256,1,88.2
15087.0,281,1,306.94
15088.0,20,2,580.04
15089.0,9,6,403.47
15090.0,307,1,381.32
15091.0,67,1,480.71
15092.0,214,2,228.9
15093.0,17,6,766.17
15095.0,103,4,342.65
15096.0,42,1,219.39
15097.0,3,1,248.08
15098.0,181,3,13305.5
15099.0,83,1,410.48
15100.0,333,3,292.0
15101.0,8,2,158.77
15103.0,30,2,351.68
15104.0,196,2,513.72
15105.0,17,7,328.42
15106.0,17,5,284.5
15107.0,310,6,53.25
15108.0,141,4,325.06
15109.0,245,1,484.95
15110.0,23,4,249.02
15111.0,28,3,522.49
15113.0,9,3,1203.11
15114.0,29,10,276.06
15115.0,17,1,340.11
15116.0,17,4,338.19
15117.0,14,5,310.36
15118.0,133,1,244.8
15119.0,245,1,266.4
15120.0,133,1,358.82
15121.0,49,2,228.86
15122.0,113,3,544.59
15123.0,6,2,1099.66
15124.0,22,2,92.1
15125.0,24,15,768.57
15127.0,65,1,406.53
15128.0,59,4,367.75
15129.0,49,11,313.4
15130.0,169,1,330.11
15132.0,17,5,195.59
15133.0,127,3,327.47
15134.0,14,8,173.5
15135.0,238,1,139.05
15136.0,2,4,321.68
15139.0,239,2,89.48
15140.0,51,7,336.32
15142.0,45,1,498.74
15143.0,225,1,259.45
15144.0,7,17,387.08
15145.0,3,4,298.68
15146.0,164,2,663.58
15147.0,239,1,623.5
15148.0,10,1,301.29
15149.0,133,1,520.8
15150.0,16,10,531.45
15152.0,9,13,365.05
15153.0,30,1,329.25
15154.0,74,1,296.42
15156.0,0,3,320.5
15157.0,3,3,645.36
15158.0,44,1,401.4
15159.0,1,30,621.37
15160.0,356,1,158.16
15163.0,17,2,152.24
15164.0,68,3,281.02
15165.0,372,1,487.75
15167.0,320,1,163.0
15168.0,25,1,106.56
15171.0,330,1,1289.5
15172.0,8,5,324.81
15174.0,322,1,135.75
15175.0,71,1,224.14
15178.0,259,1,40.5
15179.0,17,5,441.39
15180.0,366,1,87.5
15181.0,65,3,229.83
15182.0,153,2,311.42
15184.0,28,2,203.38
15185.0,69,1,310.62
15186.0,13,2,205.7
15187.0,1,16,298.57
15189.0,0,41,395.74
15192.0,119,3,348.11
15193.0,60,1,499.32
15194.0,2,15,507.77
15195.0,2,1,3861.0
15197.0,10,3,359.87
15198.0,91,2,96.82
15199.0,58,4,317.18
15201.0,86,5,247.31
15203.0,25,6,304.63
15204.0,356,1,316.58
15205.0,84,2,326.62
15206.0,9,4,105.08
15208.0,0,5,174.02
15210.0,224,1,331.18
15211.0,59,2,447.21
15212.0,240,1,101.8
15213.0,318,2,164.18
15214.0,1,8,207.68
15215.0,46,3,244.98
15216.0,87,1,96.6
15218.0,10,11,523.35
15219.0,175,1,305.75
15220.0,51,6,296.49
15221.0,365,1,403.25
15222.0,318,1,585.0
15223.0,225,2,377.88
15224.0,357,2,161.04
15225.0,233,1,409.4
15226.0,310,1,154.41
15227.0,36,5,243.88
15228.0,65,4,846.68
15230.0,238,2,214.8
15232.0,112,2,306.03
15234.0,276,1,197.0
15235.0,217,12,187.29
15236.0,298,1,321.05
15237.0,1,4,353.08
15238.0,28,3,357.33
15239.0,9,2,390.3
15240.0,44,5,341.31
15241.0,66,8,219.56
15243.0,73,1,316.68
15244.0,64,2,315.79
15245.0,133,3,838.61
15246.0,237,2,257.08
15247.0,121,1,356.0
15249.0,31,13,514.5
15251.0,8,11,953.18
15252.0,35,2,370.39
15253.0,15,5,183.64
15254.0,126,1,300.36
15255.0,66,1,890.85
15256.0,148,1,98.45
15257.0,282,1,317.15
15258.0,168,2,311.58
15260.0,99,7,258.68
15261.0,134,1,254.82
15262.0,323,1,178.95
15263.0,106,1,156.51
15264.0,63,1,393.74
15265.0,150,2,753.06
15266.0,337,1,119.3
15267.0,21,5,343.47
15269.0,23,1,408.8
15270.0,15,7,339.93
15271.0,6,15,167.14
15272.0,56,2,360.97
15274.0,3,2,358.28
15275.0,37,1,615.14
15276.0,65,1,135.31
15277.0,46,1,255.9
15279.0,354,1,290.51
15280.0,171,1,113.12
15281.0,58,9,259.13
15286.0,49,1,240.55
15287.0,21,2,243.34
15288.0,42,5,461.3
15289.0,28,3,313.26
15290.0,4,18,441.29
15291.0,25,15,311.22
15292.0,200,1,180.94
15296.0,50,6,612.14
15297.0,9,3,213.98
15298.0,1,12,399.99
15299.0,66,7,643.86
15300.0,63,1,496.44
15301.0,50,12,422.53
15303.0,289,1,574.02
15304.0,60,8,86.8
15306.0,63,3,391.45
15307.0,95,1,205.3
15308.0,273,1,310.47
15311.0,0,91,667.78
15312.0,74,4,231.21
15313.0,109,1,52.0
15314.0,198,1,327.97
15315.0,63,2,285.25
15316.0,326,1,165.0
15318.0,3,1,312.62
15319.0,283,1,204.5
15320.0,43,1,267.13
15321.0,70,3,916.1
15322.0,85,1,679.68
15325.0,103,1,162.29
15326.0,333,1,311.71
15327.0,52,1,208.75
15329.0,38,3,349.9
15330.0,31,2,357.48
15332.0,365,4,415.26
15333.0,207,1,1028.56
15334.0,156,3,117.22
15335.0,53,1,173.97
15339.0,65,2,287.04
15341.0,80,1,2020.52
15342.0,129,1,406.09
15343.0,86,1,364.5
15344.0,0,3,187.98
15345.0,45,1,393.54
15346.0,332,1,252.42
15347.0,365,1,201.6
15348.0,71,1,158.04
15349.0,157,2,236.9
15350.0,372,1,115.65
15351.0,11,7,280.02
15353.0,254,2,388.51
15355.0,28,2,138.52
15356.0,30,10,276.65
15358.0,4,22,379.42
15360.0,39,1,427.93
15361.0,361,1,418.92
15363.0,372,1,326.0
15364.0,95,2,456.6
15365.0,25,7,330.62
15366.0,74,2,301.26
15367.0,56,4,469.4
15368.0,20,1,446.94
15370.0,40,7,340.86
15372.0,136,1,2007.4
15373.0,7,12,201.33
15374.0,128,1,168.0
15376.0,39,3,411.12
15379.0,168,7,529.04
15380.0,8,5,338.05
15381.0,213,2,298.42
15382.0,14,6,992.62
15384.0,169,2,321.2
15385.0,39,1,316.88
15386.0,185,1,394.14
15388.0,269,1,140.54
15389.0,171,1,500.0
15392.0,4,4,383.88
15393.0,15,2,115.93
15394.0,9,4,545.88
15395.0,325,1,107.45
15396.0,112,1,288.18
15397.0,289,1,94.0
15398.0,15,2,672.76
15399.0,0,3,271.92
15400.0,91,5,143.24
15402.0,148,2,313.38
15405.0,188,1,349.1
15406.0,30,2,255.36
15407.0,33,4,264.11
15408.0,263,1,267.18
15410.0,83,8,431.36
15411.0,25,4,339.72
15412.0,170,1,190.53
15414.0,9,3,258.3
15415.0,312,1,572.81
15416.0,64,4,996.08
15417.0,84,1,508.8
15419.0,24,1,135.86
15421.0,58,4,237.59
15422.0,322,2,48.85
15423.0,37,1,43.5
15424.0,253,2,191.67
15426.0,18,5,289.48
15427.0,32,3,494.38
15428.0,14,1,93.78
15429.0,26,2,198.68
15432.0,22,1,171.19
15433.0,213,2,266.65
15434.0,7,5,208.3
15435.0,21,1,149.29
15436.0,11,3,374.18
15437.0,261,1,200.16
15438.0,130,1,156.58
15440.0,54,3,127.89
15442.0,248,1,594.0
15443.0,1,7,462.42
15444.0,8,2,709.13
15445.0,263,1,113.5
15447.0,330,1,155.17
15448.0,312,1,494.64
15449.0,25,3,324.84
15450.0,29,1,429.84
15452.0,29,3,179.58
15453.0,1,7,198.34
15454.0,361,1,179.1
15456.0,282,3,149.07
15457.0,261,1,237.07
15458.0,24,1,161.64
15460.0,353,1,216.76
15462.0,93,3,78.2
15463.0,28,1,126.14
15464.0,337,1,1048.85
15465.0,19,18,408.59
15466.0,84,1,334.53
15467.0,8,3,174.96
15468.0,50,2,233.76
15469.0,49,2,269.27
15471.0,1,1,469.48
15472.0,112,1,371.56
15473.0,13,7,253.03
15475.0,76,1,454.11
15478.0,39,2,720.71
15480.0,115,1,905.5
15482.0,15,12,921.25
15483.0,160,4,58.45
15484.0,0,4,898.58
15485.0,29,3,858.33
15488.0,92,1,91.32
15489.0,22,3,378.09
15491.0,94,6,516.68
15492.0,27,2,329.73
15493.0,32,5,400.36
15494.0,20,2,649.62
15497.0,17,2,631.1
15498.0,2,27,493.2
15500.0,7,4,282.89
15502.0,15,12,865.41
15503.0,362,1,147.09
15504.0,80,1,52.83
15505.0,52,5,722.19
15506.0,22,3,326.42
15507.0,171,1,492.36
15508.0,188,6,166.71
15510.0,330,1,250.0
15511.0,11,5,181.85
15512.0,155,2,60.5
15513.0,32,19,776.75
15514.0,11,11,376.31
15516.0,44,3,20.81
15517.0,232,1,267.03
15518.0,63,8,242.81
15520.0,1,1,343.5
15521.0,39,8,375.02
15522.0,32,2,199.42
15523.0,83,1,412.01
15524.0,24,1,440.0
15525.0,1,3,275.31
15526.0,32,2,74.22
15527.0,18,8,303.72
15528.0,253,1,229.33
15529.0,22,11,363.2
15530.0,21,4,375.59
15531.0,7,2,1003.72
15532.0,24,4,395.23
15533.0,18,3,269.19
15535.0,172,4,134.1
15537.0,162,1,110.92
15539.0,6,1,538.46
15540.0,10,1,213.3
15541.0,113,1,85.13
15543.0,287,1,127.86
15544.0,8,9,394.08
15545.0,53,2,146.36
15547.0,6,14,353.92
15549.0,76,3,564.42
15550.0,3,4,143.91
15551.0,36,1,436.06
15552.0,216,1,90.12
15553.0,59,1,437.23
15554.0,277,1,217.2
15555.0,11,16,300.32
15556.0,23,1,279.77
15557.0,28,1,473.65
15561.0,11,4,200.15
15562.0,351,1,134.55
15563.0,21,4,350.11
15565.0,49,2,86.58
15567.0,18,1,186.01
15568.0,2,3,252.76
15569.0,103,5,275.14
15570.0,6,12,347.13
15571.0,11,4,162.61
15572.0,4,7,364.69
15573.0,31,2,303.73
15574.0,177,4,175.56
15576.0,37,1,940.67
15577.0,150,3,86.29
15578.0,161,1,127.1
15579.0,68,2,174.3
15581.0,120,13,283.07
15582.0,24,3,227.64
15584.0,23,4,181.28
15585.0,176,1,455.3
15587.0,49,4,228.42
15589.0,255,3,159.51
15592.0,46,1,388.58
15593.0,70,1,199.8
15594.0,15,5,354.36
15596.0,100,5,281.32
15597.0,34,1,324.57
15598.0,52,1,240.68
15599.0,26,2,380.87
15601.0,10,14,484.04
15602.0,7,9,144.21
15603.0,78,1,48.48
15604.0,51,1,216.39
15605.0,35,5,239.65
15606.0,60,9,324.46
15607.0,336,1,104.76
15608.0,27,4,273.42
15609.0,183,1,298.48
15610.0,51,1,112.46
15611.0,9,13,122.42
15612.0,35,2,97.58
15615.0,9,23,452.16
15618.0,32,4,194.21
15619.0,10,1,336.4
15620.0,56,3,517.73
15621.0,3,4,323.26
15622.0,42,9,412.17
15623.0,140,1,301.03
15624.0,116,4,147.03
15625.0,103,4,383.56
15626.0,74,2,337.9
15628.0,4,9,318.92
15630.0,44,2,593.17
15632.0,15,8,410.66
15634.0,16,1,243.55
15636.0,89,2,362.38
15637.0,52,1,223.36
15639.0,133,1,425.32
15640.0,3,15,834.38
15641.0,104,4,471.8
15643.0,191,3,221.33
15644.0,165,4,203.25
15645.0,18,1,612.01
15646.0,157,3,149.21
15648.0,203,2,328.68
15649.0,335,2,408.0
15651.0,36,3,215.43
15652.0,90,1,337.74
15653.0,92,2,438.72
15654.0,8,2,461.26
15655.0,242,1,560.67
15656.0,44,4,187.12
15657.0,22,1,30.0
15658.0,189,5,204.82
15659.0,43,1,306.45
15660.0,24,9,177.87
15661.0,316,2,154.9
15663.0,105,1,138.14
15664.0,50,1,386.43
15665.0,167,2,1121.01
15667.0,39,1,301.32
15668.0,217,1,76.32
15669.0,39,4,171.08
15670.0,296,1,173.05
15671.0,18,7,379.59
15673.0,87,4,720.26
15674.0,72,5,489.32
15675.0,80,3,107.9
15676.0,18,3,1145.25
15677.0,48,1,657.23
15678.0,52,1,352.7
15679.0,23,4,195.32
15680.0,8,3,444.56
15681.0,24,5,285.23
15683.0,116,1,193.75
15687.0,8,9,332.57
15689.0,119,2,127.05
15690.0,3,2,119.88
15691.0,251,1,136.8
15692.0,27,1,191.04
15694.0,0,14,462.81
15695.0,266,2,204.99
15696.0,32,8,342.06
15699.0,17,1,309.65
15700.0,171,2,348.34
15701.0,1,4,385.54
15703.0,264,1,211.5
15704.0,139,4,573.4
15705.0,200,1,143.1
15706.0,63,4,265.14
15707.0,34,4,236.4
15708.0,40,7,480.61
15709.0,283,1,133.25
15712.0,8,5,214.47
15713.0,142,2,178.35
15714.0,11,2,165.44
15716.0,145,4,279.7
15717.0,233,1,150.3
15719.0,32,13,388.12
15720.0,23,1,598.73
15721.0,11,1,507.08
15722.0,35,5,444.51
15723.0,364,1,203.1
15724.0,200,2,109.12
15725.0,14,1,415.25
15727.0,16,7,739.85
15729.0,212,1,85.0
15730.0,65,3,373.63
15732.0,211,2,147.06
15733.0,282,1,162.3
15734.0,114,2,669.72
15737.0,14,8,150.64
15738.0,18,16,300.78
15739.0,65,1,449.12
15740.0,48,1,154.88
15743.0,15,4,196.12
15744.0,77,1,34.8
15745.0,18,4,273.65
15746.0,133,1,196.88
15747.0,12,3,324.68
15748.0,39,1,149.31
15749.0,234,3,14844.77
15750.0,2,8,308.18
15752.0,39,7,376.77
15753.0,304,1,79.2
15754.0,50,3,152.86
15755.0,9,6,394.04
15756.0,60,4,133.24
15757.0,65,2,357.21
15758.0,24,1,205.25
15759.0,217,3,84.35
15762.0,64,2,291.88
15763.0,31,2,543.46
15764.0,87,6,546.66
15766.0,63,1,315.06
15768.0,115,3,207.28
15769.0,6,26,2163.57
15773.0,5,1,635.68
15774.0,68,1,270.8
15775.0,244,1,104.9
15776.0,132,1,241.62
15777.0,240,4,261.78
15780.0,183,3,158.43
15781.0,24,3,115.15
15782.0,9,3,871.58
15783.0,10,1,246.3
15785.0,32,5,465.79
15786.0,45,3,1644.07
15787.0,25,3,316.02
15789.0,357,1,351.3
15790.0,9,1,220.85
15791.0,43,2,806.34
15793.0,14,3,321.87
15795.0,149,1,610.01
15796.0,0,8,338.94
15797.0,112,4,551.85
15799.0,75,3,294.71
15800.0,106,2,349.54
15801.0,45,3,354.65
15802.0,142,1,451.42
15803.0,50,1,415.82
15804.0,0,13,323.57
15805.0,22,17,325.2
15806.0,45,3,261.53
15807.0,49,3,301.3
15808.0,305,4,933.74
15809.0,35,5,103.15
15810.0,78,4,348.0
15811.0,21,6,369.77
15812.0,106,5,360.23
15813.0,207,2,651.95
15814.0,16,4,486.33
15815.0,63,5,420.12
15819.0,48,4,476.36
15820.0,319,1,206.98
15821.0,43,2,285.48
15822.0,2,2,442.74
15823.0,371,1,15.0
15825.0,171,1,532.94
15826.0,55,3,551.44
15827.0,72,14,131.15
15829.0,98,2,318.07
15830.0,37,1,576.0
15831.0,57,3,267.25
15832.0,253,1,836.79
15834.0,69,4,558.44
15835.0,43,4,238.52
15836.0,49,1,137.37
15837.0,64,1,391.98
15838.0,10,19,1770.69
15839.0,32,3,349.5
15840.0,58,2,177.78
15841.0,72,4,306.02
15843.0,303,1,118.95
15844.0,45,1,130.74
15845.0,17,8,463.97
15847.0,37,2,194.64
15850.0,18,2,119.42
15852.0,186,2,80.36
15853.0,51,1,110.8
15854.0,3,12,247.89
15855.0,136,5,142.45
15856.0,3,27,606.95
15857.0,18,1,297.0
15858.0,15,5,287.77
15860.0,40,8,122.15
15861.0,11,8,395.67
15862.0,7,4,208.22
15863.0,25,2,34.42
15864.0,21,6,322.72
15865.0,40,3,298.38
15866.0,100,1,230.53
15867.0,4,15,254.18
15869.0,276,2,74.82
15870.0,32,1,354.09
15872.0,14,2,180.46
15874.0,63,7,629.41
15877.0,1,2,246.64
15880.0,368,1,343.28
15881.0,311,5,100.28
15882.0,198,4,129.09
15883.0,1,2,198.24
15885.0,92,3,126.45
15886.0,59,1,181.09
15888.0,80,1,168.31
15889.0,156,2,223.44
15891.0,226,1,524.52
15894.0,252,2,131.78
15895.0,149,1,179.17
15897.0,193,2,111.02
15898.0,0,5,277.78
15899.0,368,1,56.25
15900.0,23,1,351.11
15901.0,16,3,121.29
15903.0,9,7,732.39
15904.0,7,1,164.68
15906.0,19,7,223.96
15907.0,3,3,322.48
15909.0,173,1,191.94
15910.0,0,8,154.02
15912.0,177,2,132.31
15916.0,15,8,191.01
15917.0,247,1,123.1
15918.0,190,2,167.12
15919.0,19,2,319.94
15920.0,153,4,41.88
15921.0,172,1,336.03
15922.0,372,1,369.5
15923.0,372,1,127.08
15925.0,193,1,207.15
15930.0,66,1,426.63
15932.0,3,8,311.98
15933.0,20,3,369.15
15935.0,238,2,208.43
15937.0,63,1,145.35
15938.0,111,5,80.92
15939.0,89,15,407.67
15940.0,310,1,35.8
15942.0,133,1,337.44
15944.0,276,1,325.1
15945.0,364,1,181.0
15947.0,82,1,1708.24
15948.0,7,2,477.62
15949.0,16,2,182.36
15950.0,31,4,441.38
15951.0,8,2,354.11
15952.0,33,4,201.64
15953.0,14,8,207.42
15955.0,23,14,315.45
15957.0,31,1,428.89
15958.0,73,1,104.35
15963.0,19,2,235.38
15965.0,16,4,211.41
15967.0,22,2,209.42
15969.0,2,3,222.03
15970.0,303,1,314.1
15971.0,17,12,349.99
15973.0,366,1,307.82
15974.0,38,7,491.74
15975.0,83,1,371.01
15976.0,164,2,215.47
15977.0,16,2,527.36
15978.0,76,1,1098.78
15980.0,88,3,799.62
15981.0,24,8,426.06
15983.0,21,4,368.76
15984.0,2,10,283.77
15985.0,122,2,571.21
15986.0,29,1,168.12
15987.0,11,7,207.33
15988.0,18,1,158.03
15990.0,43,2,396.06
15992.0,3,1,41.99
15993.0,8,7,399.65
15994.0,54,1,427.07
15996.0,87,6,176.78
15998.0,36,5,617.99
16000.0,2,3,4131.23
16003.0,29,5,547.07
16005.0,11,4,153.85
16006.0,210,1,101.4
16007.0,47,4,425.48
16008.0,23,3,159.59
16009.0,21,4,248.18
16010.0,245,3,135.83
16011.0,7,16,210.17
16012.0,34,3,471.76
16013.0,3,47,790.01
16014.0,37,3,220.79
16015.0,3,3,235.13
16016.0,2,8,188.6
16017.0,46,1,211.88
16018.0,38,2,204.45
16019.0,46,9,420.69
16020.0,16,3,283.67
16022.0,259,1,628.28
16023.0,45,3,239.94
16024.0,11,1,251.24
16025.0,29,1,439.66
16026.0,42,1,236.09
16027.0,91,6,155.77
16029.0,38,63,1286.11
16030.0,309,1,331.24
16031.0,91,2,274.47
16033.0,5,20,440.82
16034.0,195,3,145.9
16036.0,86,2,379.46
16037.0,269,3,285.01
16038.0,7,3,157.26
16040.0,64,3,437.85
16041.0,30,3,1055.47
16042.0,21,5,239.45
16043.0,37,4,193.5
16045.0,119,4,335.18
16048.0,372,2,128.22
16049.0,39,3,370.6
16050.0,173,1,137.9
16052.0,53,1,362.06
16053.0,32,2,755.98
16054.0,144,1,783.9
16055.0,220,1,134.8
16056.0,44,1,664.85
16057.0,15,7,323.3
16059.0,65,6,243.31
16062.0,9,4,288.4
16063.0,259,1,335.32
16065.0,364,1,372.09
16066.0,16,5,304.37
16070.0,21,2,426.08
16071.0,44,1,326.24
16072.0,287,1,584.32
16073.0,296,1,122.4
16076.0,2,10,223.47
16078.0,283,1,79.2
16079.0,16,3,450.67
16080.0,81,2,108.58
16081.0,55,5,561.38
16083.0,100,2,658.81
16084.0,298,1,436.18
16085.0,22,5,196.3
16086.0,58,5,224.28
16091.0,154,2,157.53
16092.0,114,3,272.62
16093.0,106,1,17.0
16094.0,11,4,269.56
16096.0,263,1,320.62
16097.0,239,1,185.05
16098.0,87,7,286.52
16099.0,49,3,243.97
16101.0,70,1,1290.7
16102.0,41,3,614.05
16103.0,6,6,238.27
16104.0,61,1,302.36
16105.0,248,1,336.96
16106.0,65,1,108.38
16107.0,17,7,457.74
16108.0,84,1,842.5
16109.0,218,2,305.94
16110.0,44,3,445.83
16112.0,142,4,48.94
16113.0,182,1,161.38
16114.0,170,1,135.75
16115.0,9,8,208.5
16116.0,211,1,612.78
16117.0,189,1,232.21
16119.0,7,2,211.68
16120.0,58,4,327.29
16121.0,56,2,433.56
16122.0,72,4,171.1
16123.0,51,1,307.78
16124.0,316,1,249.0
16125.0,366,1,289.35
16126.0,28,4,1571.94
16127.0,38,1,656.25
16128.0,17,5,376.04
16131.0,51,6,584.42
16133.0,3,33,442.09
16134.0,21,2,309.04
16135.0,262,1,517.55
16136.0,59,3,236.46
16139.0,18,3,211.8
16140.0,65,2,362.59
16141.0,87,1,620.4
16142.0,249,1,535.34
16143.0,2,6,404.16
16144.0,246,1,175.2
16145.0,8,11,345.41
16146.0,156,3,244.71
16147.0,133,1,375.0
16148.0,295,1,76.32
16149.0,4,2,140.26
16150.0,42,5,410.6
16152.0,268,1,1829.04
16153.0,49,5,364.85
16156.0,8,9,346.89
16157.0,15,3,218.9
16159.0,281,1,348.2
16160.0,64,2,512.72
16161.0,1,19,293.45
16162.0,251,1,37.4
16163.0,231,2,428.3
16164.0,16,3,274.16
16168.0,10,27,140.28
16169.0,7,4,455.74
16170.0,50,6,314.18
16171.0,58,1,73.2
16172.0,94,5,228.04
16173.0,15,6,236.39
16174.0,125,3,336.52
16175.0,93,4,259.4
16177.0,49,1,331.95
16178.0,137,1,197.9
16179.0,60,1,215.83
16180.0,99,8,1281.77
16181.0,72,1,305.54
16182.0,71,4,1654.41
16183.0,66,1,338.71
16184.0,63,6,193.13
16185.0,16,2,264.7
16186.0,22,12,333.91
16187.0,31,15,460.76
16188.0,44,4,245.46
16189.0,15,2,107.74
16190.0,39,1,215.08
16191.0,2,13,398.5
16193.0,236,1,314.45
16198.0,74,1,400.68
16200.0,3,2,540.31
16201.0,2,4,465.87
16202.0,360,1,365.27
16203.0,58,4,148.22
16204.0,22,1,405.71
16205.0,30,4,190.34
16206.0,54,4,134.27
16207.0,24,1,394.38
16208.0,44,2,332.13
16209.0,88,5,452.52
16210.0,1,18,1171.46
16211.0,88,1,547.02
16212.0,18,2,345.17
16213.0,78,1,159.0
16214.0,170,3,354.25
16215.0,80,1,242.35
16216.0,266,1,914.93
16217.0,234,2,152.12
16218.0,29,7,440.67
16221.0,36,3,288.29
16222.0,317,1,846.72
16224.0,56,4,323.82
16225.0,44,5,219.26
16226.0,202,3,85.04
16227.0,224,1,314.22
16229.0,86,2,505.3
16230.0,189,2,271.02
16232.0,43,4,247.72
16233.0,70,3,178.89
16235.0,40,5,173.46
16236.0,77,1,432.2
16239.0,56,2,207.1
16240.0,23,2,1859.4
16241.0,9,13,200.61
16242.0,7,7,514.74
16243.0,33,2,204.55
16244.0,211,2,761.38
16245.0,23,3,471.22
16247.0,169,1,114.56
16248.0,61,1,152.94
16249.0,52,5,360.01
16250.0,260,2,194.72
16253.0,66,2,1841.93
16255.0,16,8,327.49
16256.0,266,1,752.43
16257.0,176,1,46.95
16258.0,44,5,1040.7
16260.0,50,1,1035.45
16261.0,16,4,186.71
16265.0,8,9,605.22
16266.0,73,7,123.13
16268.0,70,2,333.82
16270.0,352,1,1141.24
16271.0,2,5,285.85
16272.0,116,1,411.7
16274.0,372,1,357.95
16275.0,196,1,559.87
16276.0,176,1,810.6
16278.0,99,1,566.38
16279.0,20,3,503.19
16281.0,71,1,2062.06
16282.0,339,1,168.3
16283.0,5,5,314.16
16284.0,30,2,411.98
16287.0,169,1,142.5
16292.0,121,1,302.25
16293.0,21,10,224.9
16295.0,9,4,332.14
16297.0,268,1,301.9
16298.0,22,3,199.4
16302.0,126,1,233.22
16303.0,25,3,1786.88
16305.0,138,1,361.22
16306.0,213,6,105.38
16308.0,37,4,640.0
16309.0,105,2,353.28
16311.0,17,2,308.13
16313.0,2,2,137.07
16315.0,330,1,226.37
16316.0,63,8,367.36
16317.0,119,3,447.22
16318.0,34,1,328.15
16319.0,217,1,404.4
16320.0,171,2,519.23
16321.0,71,5,74.73
16322.0,0,2,163.38
16323.0,195,1,207.5
16324.0,127,3,142.89
16325.0,46,3,198.08
16326.0,5,14,222.21
16327.0,13,6,640.7
16330.0,17,3,83.97
16332.0,27,7,227.6
16333.0,7,22,1210.31
16337.0,36,1,151.05
16338.0,156,1,214.8
16339.0,283,1,109.95
16340.0,106,1,549.07
16341.0,24,4,492.97
16342.0,74,4,80.6
16343.0,15,2,185.24
16344.0,157,1,101.1
16345.0,43,1,575.41
16347.0,10,2,443.82
16348.0,31,7,209.92
16349.0,290,1,53.5
16350.0,20,4,279.12
16351.0,332,1,153.9
16352.0,17,2,247.22
16353.0,3,23,290.25
16354.0,62,2,197.9
16356.0,197,3,70.59
16357.0,32,3,219.63
16358.0,0,4,506.88
16359.0,6,9,194.55
16360.0,4,6,585.42
16361.0,9,4,224.16
16362.0,31,5,146.95
16363.0,52,1,109.36
16364.0,11,2,353.52
16365.0,17,9,171.16
16366.0,18,1,327.3
16367.0,36,2,402.24
16368.0,1,2,248.72
16369.0,17,3,517.89
16370.0,81,4,330.14
16372.0,32,2,183.96
16374.0,65,2,236.52
16376.0,8,2,493.5
16377.0,266,1,676.2
16378.0,246,3,120.98
16379.0,3,4,539.35
16380.0,60,1,1780.59
16383.0,74,2,334.18
16384.0,89,2,292.25
16385.0,59,3,185.3
16386.0,28,2,158.6
16387.0,322,1,94.36
16389.0,52,4,345.52
16392.0,269,1,221.19
16393.0,1,13,234.32
16394.0,56,5,311.07
16395.0,60,5,297.38
16398.0,153,2,852.9
16399.0,18,2,204.28
16400.0,94,1,303.93
16401.0,0,12,341.53
16402.0,264,2,149.8
16403.0,311,1,177.5
16404.0,69,1,443.05
16405.0,301,2,83.62
16406.0,18,1,163.07
16407.0,12,10,212.69
16409.0,35,5,405.78
16411.0,18,2,107.32
16412.0,53,1,151.83
16413.0,56,1,262.2
16414.0,21,2,63.12
16415.0,43,1,210.35
16416.0,26,3,350.47
16418.0,44,3,225.09
16419.0,112,6,162.04
16422.0,16,51,680.09
16423.0,24,1,346.12
16424.0,190,1,133.56
16425.0,301,1,302.7
16426.0,1,10,190.82
16427.0,262,2,120.53
16429.0,105,1,284.55
16430.0,56,1,300.85
16431.0,212,3,214.27
16432.0,63,1,287.4
16433.0,27,1,184.26
16434.0,28,7,217.46
16438.0,5,5,159.67
16440.0,7,5,728.13
16441.0,66,2,190.6
16442.0,1,3,205.6
16444.0,45,4,163.67
16445.0,33,1,230.51
16446.0,0,2,84236.25
16447.0,135,1,259.01
16448.0,197,1,188.89
16449.0,197,2,353.84
16450.0,149,1,311.92
16451.0,87,1,266.97
16454.0,44,2,3.45
16455.0,63,7,263.03
16456.0,98,5,431.67
16457.0,217,1,208.36
16458.0,2,18,193.49
16460.0,27,3,271.57
16461.0,177,1,151.42
16462.0,73,3,45.33
16463.0,20,4,355.6
16464.0,19,3,438.23
16466.0,33,7,229.07
16468.0,73,1,74.9
16469.0,23,4,162.61
16470.0,51,4,190.6
16471.0,274,1,223.95
16473.0,164,3,105.37
16474.0,6,7,267.36
16475.0,87,4,136.07
16477.0,63,7,356.35
16478.0,24,3,110.33
16479.0,9,2,150.42
16480.0,75,1,769.29
16482.0,15,1,220.62
16483.0,191,1,139.35
16484.0,173,2,202.15
16485.0,76,1,363.65
16488.0,32,3,166.27
16491.0,46,1,731.5
16493.0,79,4,337.91
16494.0,296,1,826.53
16495.0,2,3,228.14
16496.0,8,3,533.17
16497.0,49,6,494.28
16498.0,160,2,50.48
16499.0,359,2,182.72
16500.0,4,6,66.81
16503.0,106,4,357.98
16504.0,24,1,484.38
16505.0,31,1,777.6
16506.0,19,2,45.15
16509.0,296,1,363.7
16510.0,371,1,248.1
16511.0,21,3,316.75
16513.0,4,4,218.65
16515.0,51,5,325.43
16516.0,29,1,101.7
16517.0,276,1,162.7
16518.0,60,2,242.16
16519.0,24,2,107.54
16520.0,185,3,348.86
16523.0,1,21,448.5
16525.0,1,26,501.06
16526.0,171,1,290.36
16527.0,80,1,228.06
16528.0,3,1,244.41
16529.0,189,1,455.25
16531.0,21,7,177.8
16532.0,17,3,2249.6
16533.0,18,3,365.19
16535.0,4,1,593.75
16536.0,109,1,548.97
16539.0,2,4,347.2
16542.0,53,1,119.62
16545.0,164,1,339.3
16546.0,290,2,393.58
16549.0,9,10,415.46
16550.0,108,5,459.79
16551.0,95,3,307.37
16552.0,242,2,189.86
16553.0,162,12,476.65
16554.0,41,3,279.03
16555.0,34,2,142.94
16556.0,66,7,473.4
16557.0,23,2,140.93
16558.0,0,20,416.92
16560.0,26,2,420.7
16561.0,5,2,255.56
16563.0,53,1,1077.74
16565.0,363,1,173.7
16566.0,14,5,122.93
16567.0,193,2,432.8
16569.0,2,1,124.2
16570.0,14,10,373.84
16571.0,26,3,473.9
16572.0,126,3,336.53
16573.0,84,2,331.8
16574.0,70,1,451.44
16581.0,182,1,105.84
16582.0,112,1,313.62
16583.0,373,1,233.45
16584.0,79,2,468.04
16586.0,248,1,463.95
16587.0,231,1,225.15
16589.0,70,3,153.08
16591.0,68,1,213.5
16592.0,3,16,257.1
16593.0,50,3,110.01
16594.0,74,1,181.09
16595.0,60,1,360.16
16596.0,15,2,125.08
16597.0,3,1,90.04
16598.0,285,1,145.05
16600.0,3,6,135.59
16601.0,40,1,244.8
16602.0,35,1,528.08
16603.0,74,2,241.24
16607.0,17,14,239.12
16609.0,14,7,784.78
16610.0,218,1,75.66
16611.0,185,1,129.49
16612.0,32,4,296.92
16613.0,69,1,618.59
16614.0,182,1,506.19
16616.0,14,2,250.21
16617.0,235,1,151.85
16618.0,30,5,529.52
16619.0,263,1,226.21
16620.0,3,2,89.48
16621.0,51,4,203.37
16623.0,245,1,129.45
16624.0,80,2,405.28
16625.0,274,1,333.08
16626.0,0,17,259.59
16627.0,78,1,322.8
16628.0,29,5,437.61
16629.0,73,2,208.86
16633.0,16,6,480.52
16634.0,222,2,108.95
16637.0,31,4,288.62
16638.0,22,10,168.07
16639.0,30,3,419.17
16641.0,105,1,231.1
16642.0,4,2,344.16
16643.0,245,1,487.51
16644.0,177,2,416.89
16647.0,169,2,107.03
16648.0,42,1,290.66
16650.0,71,1,518.42
16652.0,58,7,967.71
16653.0,15,2,606.33
16654.0,140,4,150.32
16655.0,17,6,632.42
16656.0,21,15,575.05
16657.0,9,4,233.4
16658.0,367,1,123.24
16659.0,188,1,39.12
16660.0,15,4,316.91
16665.0,361,1,135.4
16666.0,18,1,118.98
16667.0,67,2,285.06
16668.0,14,6,51.12
16669.0,23,3,458.29
16670.0,16,11,372.35
16671.0,27,3,564.09
16672.0,1,20,406.75
16674.0,54,2,159.8
16676.0,33,4,398.03
16678.0,2,12,259.17
16679.0,365,1,129.75
16680.0,42,1,183.7
16681.0,72,6,295.06
16682.0,4,5,205.6
16684.0,3,28,2380.48
16685.0,60,2,162.12
16686.0,46,7,437.55
16688.0,0,4,315.21
16689.0,75,2,211.3
16690.0,71,2,112.79
16692.0,255,2,638.0
16693.0,68,2,241.0
16696.0,134,4,164.48
16697.0,240,1,112.75
16698.0,226,2,999.0
16700.0,8,13,390.5
16701.0,8,13,415.25
16705.0,0,20,701.75
16706.0,36,3,177.12
16708.0,45,1,656.63
16709.0,84,5,605.97
16710.0,18,10,248.3
16711.0,2,5,330.21
16712.0,8,11,331.4
16713.0,18,15,461.54
16714.0,218,3,387.18
16715.0,77,1,301.72
16716.0,266,2,450.6
16717.0,23,6,643.06
16718.0,368,1,623.75
16719.0,14,7,255.77
16720.0,25,1,155.24
16721.0,261,1,292.47
16722.0,16,13,363.91
16723.0,90,2,294.58
16725.0,301,7,111.57
16726.0,25,5,276.4
16727.0,363,1,272.82
16728.0,45,4,263.67
16729.0,37,21,344.76
16730.0,51,3,247.7
16732.0,31,1,603.75
16734.0,51,3,216.84
16735.0,78,5,460.11
16737.0,52,1,417.6
16738.0,297,1,3.75
16739.0,176,1,323.0
16742.0,46,1,464.9
16743.0,28,7,319.73
16744.0,10,7,186.39
16745.0,86,17,423.19
16746.0,4,18,372.09
16747.0,37,2,418.03
16748.0,17,5,303.18
16750.0,44,5,124.79
16751.0,30,1,1764.72
16752.0,372,1,207.5
16753.0,57,1,223.92
16754.0,371,1,2002.4
16755.0,113,3,498.94
16756.0,214,1,239.4
16757.0,318,1,106.83
16758.0,64,1,369.34
16759.0,7,3,263.26
16761.0,96,1,316.62
16762.0,19,3,500.46
16763.0,198,1,611.85
16764.0,3,13,215.33
16765.0,293,1,34.0
16766.0,272,2,572.8
16767.0,30,11,507.33
16768.0,47,3,159.36
16769.0,259,1,380.39
16770.0,57,5,154.02
16771.0,32,5,449.36
16773.0,56,1,171.59
16774.0,67,4,165.38
16775.0,9,11,154.15
16776.0,59,1,388.28
16777.0,79,2,113.18
16778.0,73,2,122.97
16779.0,1,22,483.17
16780.0,99,2,212.6
16781.0,371,1,311.25
16782.0,9,13,175.38
16784.0,19,1,107.6
16788.0,122,2,298.74
16789.0,7,1,80.8
16790.0,3,6,257.6
16791.0,28,7,245.97
16792.0,281,2,55.19
16793.0,56,1,243.84
16794.0,0,10,122.27
16795.0,364,1,414.88
16796.0,88,1,305.62
16800.0,10,1,1201.49
16801.0,162,4,404.93
16803.0,64,1,332.3
16804.0,22,3,179.0
16805.0,173,2,230.3
16806.0,102,4,200.37
16807.0,142,3,373.86
16808.0,98,2,144.21
16809.0,22,5,182.94
16810.0,191,1,309.54
16811.0,4,2,273.54
16812.0,360,1,479.35
16813.0,7,10,169.3
16814.0,13,21,309.96
16816.0,102,4,104.26
16817.0,2,9,178.31
16818.0,10,11,304.51
16820.0,95,1,497.61
16823.0,226,1,358.38
16824.0,15,2,230.32
16825.0,38,2,387.59
16826.0,50,1,341.7
16828.0,92,2,64.25
16829.0,156,1,197.22
16830.0,38,1,325.91
16832.0,183,3,66.38
16833.0,0,4,276.63
16834.0,227,1,413.46
16835.0,127,2,90.42
16836.0,39,2,125.94
16837.0,30,11,288.27
16838.0,196,2,294.42
16839.0,8,34,488.07
16841.0,36,6,311.64
16842.0,100,3,421.4
16843.0,42,16,637.29
16846.0,49,1,214.32
16847.0,42,1,193.44
16848.0,52,1,281.42
16849.0,186,1,124.57
16850.0,333,1,332.41
16851.0,3,3,114.15
16852.0,9,2,72.46
16855.0,23,2,164.2
16856.0,14,1,35.4
16858.0,368,1,375.69
16859.0,144,2,373.9
16861.0,59,2,86.88
16863.0,30,2,251.4
16866.0,140,3,69.25
16869.0,22,4,206.36
16871.0,21,6,468.72
16872.0,76,3,226.67
16873.0,4,6,1187.27
16875.0,66,5,419.11
16877.0,11,6,142.29
16878.0,83,1,13.3
16880.0,30,7,217.01
16881.0,66,1,432.0
16882.0,66,3,235.04
16883.0,186,2,138.36
16884.0,37,2,214.92
16885.0,14,3,157.17
16887.0,34,1,194.88
16889.0,194,3,526.22
16891.0,1,5,161.94
16892.0,0,5,105.11
16893.0,366,1,145.93
16895.0,64,1,219.14
16897.0,298,2,144.89
16898.0,25,3,169.6
16899.0,7,6,213.59
16900.0,16,3,295.7
16902.0,115,1,1706.88
16903.0,28,1,373.24
16904.0,3,16,234.64
16905.0,4,7,443.2
16906.0,81,4,144.94
16907.0,28,5,196.33
16909.0,71,1,379.14
16910.0,3,8,188.76
16912.0,28,11,234.13
16913.0,289,1,113.44
16914.0,35,1,208.46
16915.0,8,6,103.61
16916.0,23,2,288.13
16917.0,276,1,391.52
16918.0,49,6,178.14
16919.0,155,11,236.04
16921.0,60,1,169.79
16923.0,11,19,381.45
16924.0,20,3,282.25
16926.0,370,1,230.25
16927.0,115,3,181.02
16928.0,79,17,167.51
16929.0,3,7,185.06
16930.0,25,3,126.85
16931.0,4,21,219.25
16932.0,52,1,161.94
16933.0,0,2,281.62
16934.0,54,2,475.46
16936.0,25,1,262.68
16938.0,8,4,684.1
16940.0,51,3,1016.63
16942.0,12,9,213.4
16943.0,211,3,272.24
16945.0,21,19,228.71
16947.0,235,1,406.48
16948.0,138,3,145.01
16949.0,3,6,214.38
16950.0,56,3,392.85
16951.0,134,3,425.92
16952.0,108,2,83.8
16953.0,29,1,20.8
16954.0,0,9,231.68
16955.0,184,4,129.67
16956.0,17,1,308.74
16957.0,238,2,208.32
16959.0,86,1,117.35
16960.0,38,3,169.02
16961.0,115,1,234.17
16963.0,186,1,110.55
16965.0,226,1,201.19
16966.0,7,7,307.85
16967.0,188,1,319.02
16968.0,3,2,219.72
16969.0,38,3,216.8
16971.0,37,1,357.21
16976.0,266,1,251.52
16978.0,77,1,344.33
16979.0,3,6,308.67
16980.0,254,2,539.48
16982.0,60,1,384.06
16983.0,12,7,275.89
16984.0,87,2,2240.68
16985.0,16,10,546.41
16986.0,29,2,936.6
16987.0,2,7,232.15
16988.0,4,1,126.12
16989.0,6,6,188.88
16990.0,218,1,179.0
16992.0,10,5,322.86
16996.0,29,6,242.83
16997.0,287,3,234.0
16998.0,149,4,73.75
16999.0,22,2,242.41
17001.0,0,11,362.69
17002.0,85,3,497.91
17004.0,45,2,706.47
17006.0,4,4,195.44
17007.0,50,6,148.32
17010.0,17,1,195.36
17011.0,29,1,270.9
17014.0,7,3,195.44
17015.0,28,3,614.19
17017.0,2,20,434.71
17018.0,40,2,460.05
17019.0,10,4,318.15
17022.0,30,1,71.0
17024.0,44,3,31.95
17025.0,60,3,119.26
17026.0,184,2,77.42
17027.0,78,6,148.38
17029.0,110,2,358.0
17030.0,63,1,146.87
17031.0,11,2,190.18
17033.0,85,3,343.38
17034.0,15,3,248.51
17035.0,245,2,216.76
17037.0,87,1,1267.32
17038.0,29,1,112.4
17040.0,137,1,449.73
17041.0,26,3,360.52
17042.0,2,5,208.88
17043.0,31,4,433.8
17044.0,24,1,948.48
17045.0,112,3,113.15
17046.0,156,1,642.02
17047.0,84,3,366.97
17048.0,117,3,308.45
17049.0,2,9,628.89
17050.0,95,6,538.14
17051.0,193,1,247.14
17052.0,27,1,413.75
17053.0,130,1,498.48
17054.0,27,5,271.27
17058.0,81,3,393.3
17059.0,29,5,619.01
17060.0,265,1,234.24
17061.0,73,11,475.66
17062.0,313,4,134.59
17063.0,20,7,208.73
17064.0,58,3,286.45
17068.0,11,21,216.77
17069.0,27,9,301.08
17070.0,113,1,312.14
17071.0,27,9,269.89
17073.0,17,4,361.52
17075.0,17,4,208.53
17076.0,35,3,280.36
17078.0,35,2,189.1
17079.0,77,1,118.8
17080.0,21,2,143.81
17081.0,24,2,145.08
17082.0,32,2,1001.92
17083.0,108,3,468.59
17084.0,34,2,1474.88
17085.0,122,5,313.33
17086.0,6,6,341.68
17088.0,27,4,497.75
17090.0,3,7,291.99
17091.0,2,9,425.31
17092.0,49,4,444.44
17094.0,321,1,302.0
17095.0,22,3,441.39
17096.0,14,4,255.53
17097.0,1,8,119.3
17100.0,17,2,485.87
17101.0,9,4,405.43
17102.0,261,1,25.5
17105.0,158,2,332.89
17107.0,32,6,1802.57
17109.0,28,6,147.51
17110.0,164,1,163.3
17111.0,46,1,248.61
17114.0,5,8,101.08
17115.0,7,3,279.17
17117.0,287,1,116.2
17118.0,317,1,157.02
17119.0,2,2,303.46
17120.0,232,1,307.46
17122.0,118,1,138.32
17123.0,161,1,345.3
17124.0,184,1,298.89
17125.0,49,1,259.35
17126.0,151,5,200.95
17128.0,334,1,157.09
17131.0,4,5,492.63
17133.0,15,7,698.89
17134.0,106,2,212.5
17135.0,15,7,162.82
17138.0,275,1,380.5
17139.0,15,12,889.04
17140.0,246,1,465.32
17142.0,238,1,579.0
17144.0,0,2,492.28
17146.0,105,3,249.93
17147.0,22,4,428.65
17148.0,51,1,124.88
17152.0,194,3,563.17
17153.0,23,1,213.78
17154.0,74,1,329.34
17155.0,17,2,125.85
17157.0,7,2,159.5
17158.0,31,3,422.32
17159.0,21,3,512.96
17160.0,30,6,586.34
17162.0,28,10,171.55
17163.0,21,2,146.55
17164.0,32,7,352.48
17165.0,283,1,158.68
17166.0,38,2,103.17
17169.0,57,2,417.89
17171.0,288,1,224.91
17172.0,78,1,317.76
17173.0,4,8,470.82
17174.0,217,1,59.9
17175.0,43,4,360.92
17176.0,201,1,306.13
17179.0,177,3,237.26
17180.0,55,4,199.01
17181.0,56,2,119.96
17183.0,7,6,557.88
17186.0,46,2,72.0
17187.0,226,1,203.95
17188.0,10,7,353.46
17189.0,105,2,192.2
17190.0,58,2,222.37
17191.0,27,7,299.3
17193.0,35,7,242.76
17194.0,273,2,131.31
17197.0,29,1,1013.01
17198.0,23,3,230.74
17201.0,53,1,342.63
17203.0,35,6,593.98
17204.0,174,4,391.14
17205.0,53,1,384.08
17206.0,52,1,204.24
17211.0,26,8,289.65
17212.0,252,1,226.85
17213.0,39,7,397.32
17214.0,59,6,178.19
17217.0,233,1,113.5
17218.0,3,10,196.07
17219.0,31,1,114.23
17220.0,23,14,228.45
17221.0,6,2,167.56
17222.0,64,1,354.15
17223.0,309,2,213.4
17226.0,308,1,393.49
17227.0,18,6,156.55
17228.0,15,8,238.26
17229.0,95,2,159.38
17230.0,263,8,454.8
17231.0,11,10,317.43
17232.0,2,2,210.76
17233.0,34,1,190.88
17234.0,182,1,149.89
17235.0,24,2,275.03
17236.0,12,6,152.69
17237.0,10,2,157.34
17238.0,2,17,220.27
17239.0,312,1,382.5
17242.0,107,2,567.52
17243.0,0,26,333.72
17244.0,52,1,954.9
17245.0,204,1,171.45
17247.0,14,1,282.19
17248.0,119,1,318.65
17250.0,3,2,192.26
17251.0,362,1,283.28
17252.0,116,2,176.93
17253.0,17,1,178.26
17254.0,4,2,136.22
17255.0,40,2,149.21
17256.0,106,2,120.0
17259.0,147,2,301.68
17262.0,51,5,250.67
17263.0,207,1,63.44
17265.0,138,2,281.45
17266.0,1,3,103.55
17267.0,126,2,158.81
17268.0,107,4,190.91
17272.0,41,4,537.16
17274.0,34,1,111.98
17277.0,227,2,532.68
17278.0,240,1,246.04
17279.0,57,1,187.83
17282.0,129,3,567.8
17284.0,59,6,275.43
17286.0,21,1,153.92
17287.0,25,7,152.02
17288.0,8,7,202.82
17289.0,31,3,314.8
17290.0,3,2,262.62
17291.0,307,1,550.8
17293.0,7,9,208.35
17295.0,28,3,185.65
17297.0,16,1,131.78
17298.0,100,2,249.21
17299.0,11,4,167.28
17301.0,20,1,197.63
17302.0,14,5,227.13
17303.0,360,1,250.04
17306.0,10,19,454.28
17309.0,94,1,82.75
17311.0,77,2,692.42
17312.0,138,3,214.77
17313.0,30,1,2328.84
17314.0,24,8,315.99
17315.0,1,38,165.59
17317.0,45,3,866.78
17320.0,99,3,400.21
17321.0,7,2,350.43
17323.0,14,7,131.58
17324.0,17,4,247.56
17325.0,279,1,96.8
17329.0,13,2,261.56
17330.0,22,2,181.95
17331.0,123,1,175.2
17333.0,85,1,494.25
17334.0,301,2,153.51
17337.0,150,4,506.97
17338.0,16,8,830.49
17339.0,93,2,121.68
17340.0,29,11,1123.03
17341.0,156,3,260.45
17343.0,354,1,193.64
17344.0,45,1,160.57
17345.0,14,4,134.44
17346.0,3,15,178.44
17347.0,85,1,228.96
17348.0,14,5,231.9
17349.0,178,1,110.75
17350.0,7,4,321.52
17351.0,35,3,195.72
17353.0,128,2,870.0
17354.0,50,1,1393.06
17356.0,311,1,178.22
17357.0,23,2,194.07
17358.0,302,2,182.92
17359.0,10,1,127.86
17360.0,16,3,195.26
17361.0,48,3,162.73
17362.0,238,2,156.12
17364.0,0,11,407.38
17365.0,12,8,600.2
17367.0,237,1,168.4
17368.0,22,8,239.08
17370.0,72,4,111.54
17371.0,16,3,141.3
17372.0,40,8,167.84
17373.0,39,4,161.73
17374.0,218,2,247.88
17375.0,198,3,133.37
17376.0,70,2,101.6
17377.0,23,20,205.05
17379.0,10,1,404.66
17381.0,8,29,699.16
17382.0,64,1,65.4
17383.0,3,1,199.29
17384.0,18,2,168.2
17385.0,14,1,261.11
17386.0,7,6,447.74
17387.0,19,2,392.06
17388.0,77,4,314.89
17389.0,0,34,936.28
17391.0,163,2,254.4
17392.0,306,2,228.96
17394.0,218,1,203.87
17396.0,38,8,916.35
17397.0,21,2,348.2
17398.0,114,3,217.79
17400.0,125,5,425.99
17402.0,4,13,202.6
17403.0,35,1,281.62
17404.0,3,15,2127.12
17405.0,0,3,343.8
17406.0,332,3,733.47
17408.0,162,1,32.65
17409.0,184,2,385.92
17410.0,15,5,242.94
17411.0,11,3,259.65
17412.0,2,7,179.72
17414.0,43,2,389.0
17415.0,79,1,507.84
17416.0,29,7,984.77
17418.0,41,2,231.73
17419.0,10,12,352.21
17420.0,49,3,199.61
17422.0,15,6,329.9
17423.0,45,2,349.2
17425.0,18,2,379.58
17426.0,7,6,839.54
17427.0,71,1,100.8
17428.0,0,28,616.32
17429.0,127,3,174.97
17430.0,32,2,132.88
17431.0,312,1,403.3
17432.0,17,2,182.88
17433.0,87,1,303.16
17434.0,1,7,339.12
17436.0,1,2,108.15
17438.0,253,1,388.45
17440.0,156,3,62.14
17442.0,36,6,374.76
17443.0,219,1,534.24
17444.0,147,3,980.01
17446.0,176,2,60.45
17447.0,39,2,270.76
17449.0,1,7,360.12
17450.0,7,46,4229.36
17451.0,0,7,245.91
17453.0,17,2,243.36
17454.0,191,4,129.38
17455.0,203,1,131.7
17456.0,364,1,249.86
17457.0,126,5,347.54
17458.0,14,1,316.5
17459.0,42,2,328.65
17460.0,93,6,103.74
17461.0,22,3,252.49
17462.0,59,2,337.84
17463.0,15,5,379.28
17464.0,157,1,289.96
17466.0,9,2,381.64
17468.0,9,2,68.5
17469.0,15,5,374.19
17470.0,44,5,225.01
17472.0,190,3,236.76
17475.0,78,1,194.37
17480.0,77,1,511.82
17481.0,3,4,313.9
17483.0,64,3,138.01
17486.0,260,1,396.87
17489.0,58,2,188.32
17490.0,0,7,298.9
17491.0,0,10,355.89
17492.0,247,1,374.57
17495.0,7,2,248.78
17496.0,358,1,271.05
17498.0,75,1,272.22
17499.0,289,1,622.88
17500.0,16,3,379.33
17501.0,220,2,144.3
17502.0,8,4,172.28
17503.0,2,2,279.48
17504.0,205,9,333.0
17505.0,161,2,572.92
17506.0,75,1,302.2
17507.0,261,2,302.79
17508.0,280,1,387.31
17509.0,57,8,764.39
17510.0,24,1,308.48
17511.0,2,31,2937.5
17512.0,28,10,292.5
17513.0,71,1,513.2
17514.0,127,1,208.65
17515.0,30,4,159.76
17516.0,14,5,153.62
17517.0,308,1,153.94
17519.0,16,6,307.34
17520.0,53,1,546.81
17521.0,29,3,241.07
17522.0,1,5,214.14
17523.0,10,4,163.18
17524.0,360,1,145.0
17525.0,359,1,422.7
17526.0,4,4,298.97
17527.0,53,4,234.84
17528.0,0,8,453.56
17530.0,0,10,238.5
17531.0,189,1,296.7
17534.0,53,1,223.36
17535.0,279,1,164.4
17536.0,176,1,76.5
17537.0,29,2,448.81
17538.0,25,1,98.42
17540.0,24,2,289.45
17542.0,269,1,170.75
17545.0,42,3,215.32
17548.0,233,1,103.3
17549.0,23,2,74.43
17550.0,196,3,89.05
17551.0,358,1,306.84
17552.0,59,4,232.6
17553.0,129,1,1487.6
17554.0,0,5,390.49
17555.0,19,2,241.63
17556.0,205,1,157.9
17557.0,13,3,180.49
17560.0,94,5,170.99
17561.0,18,1,167.62
17562.0,13,7,160.34
17564.0,23,3,151.34
17566.0,7,2,450.6
17567.0,6,8,541.43
17569.0,331,1,344.14
17571.0,49,4,374.63
17572.0,70,4,56.69
17573.0,28,3,126.87
17574.0,242,1,185.65
17576.0,7,19,190.67
17578.0,217,1,143.46
17579.0,4,3,149.63
17580.0,252,3,71.91
17581.0,0,25,441.8
17582.0,235,1,175.27
17584.0,6,2,621.15
17585.0,108,4,283.27
17588.0,99,3,413.4
17589.0,59,4,601.04
17590.0,1,3,493.07
17591.0,72,7,318.0
17593.0,3,5,785.47
17594.0,84,2,496.59
17595.0,11,2,194.4
17596.0,22,7,403.99
17597.0,213,1,2044.37
17600.0,17,1,161.67
17601.0,238,1,116.01
17602.0,1,6,850.5
17603.0,77,1,394.72
17604.0,216,2,154.68
17608.0,32,2,96.71
17609.0,40,5,222.44
17611.0,6,15,265.61
17612.0,52,6,341.41
17613.0,22,14,325.65
17614.0,56,1,390.07
17615.0,129,3,109.87
17616.0,173,3,190.4
17618.0,5,3,323.86
17619.0,311,1,218.52
17620.0,59,1,81.44
17621.0,20,3,459.97
17623.0,32,1,527.05
17624.0,14,2,421.74
17625.0,17,4,511.75
17628.0,80,1,75.75
17629.0,5,8,226.76
17630.0,169,2,251.8
17631.0,1,3,176.11
17633.0,30,4,331.21
17634.0,35,9,262.44
17636.0,18,1,285.56
17637.0,30,2,273.53
17639.0,275,1,108.5
17640.0,86,1,621.66
17642.0,119,2,356.14
17643.0,372,1,101.55
17644.0,0,11,263.24
17646.0,218,3,336.13
17647.0,64,1,133.06
17648.0,60,4,449.38
17649.0,137,1,868.49
17650.0,20,1,166.08
17651.0,11,10,394.5
17652.0,24,12,405.64
17653.0,36,4,301.89
17654.0,276,1,117.55
17655.0,10,7,376.99
17656.0,72,5,334.94
17658.0,25,2,297.71
17659.0,16,12,249.96
17660.0,140,1,196.0
17663.0,25,7,257.56
17664.0,18,2,302.32
17666.0,3,2,364.08
17667.0,65,5,411.1
17668.0,0,2,173.88
17669.0,42,7,486.67
17670.0,227,1,205.7
17671.0,15,4,393.18
17672.0,49,2,1589.08
17673.0,1,6,271.52
17674.0,73,2,275.52
17675.0,0,31,657.23
17676.0,3,6,231.28
17677.0,1,30,545.44
17678.0,263,1,298.11
17679.0,52,2,996.06
17680.0,23,1,184.4
17682.0,9,6,412.39
17684.0,43,1,239.41
17685.0,16,7,455.93
17686.0,6,7,819.92
17690.0,29,15,317.2
17691.0,357,2,145.2
17692.0,126,4,185.24
17693.0,136,1,200.47
17694.0,141,1,283.12
17695.0,131,2,382.67
17696.0,37,8,285.71
17697.0,235,1,338.95
17698.0,260,1,154.95
17700.0,16,4,633.66
17701.0,252,1,417.95
17702.0,29,4,456.09
17703.0,34,3,266.25
17704.0,168,2,442.6
17705.0,2,9,202.61
17706.0,3,17,617.91
17707.0,184,2,76.2
17708.0,187,2,133.54
17709.0,169,1,137.45
17711.0,10,2,192.55
17712.0,44,1,522.91
17714.0,320,1,153.0
17715.0,200,1,326.4
17716.0,22,11,514.18
17718.0,231,1,139.35
17719.0,37,15,359.74
17720.0,25,4,298.98
17722.0,95,4,606.01
17723.0,126,6,546.07
17724.0,70,3,344.33
17725.0,15,11,312.64
17727.0,14,1,1060.25
17728.0,3,3,958.67
17730.0,2,13,407.58
17731.0,78,4,310.03
17732.0,372,1,303.97
17733.0,38,2,346.1
17734.0,53,3,233.54
17735.0,1,19,690.0
17736.0,8,3,125.81
17737.0,8,2,84.12
17738.0,18,4,469.76
17739.0,11,7,398.76
17742.0,112,2,177.56
17744.0,3,6,387.07
17746.0,239,1,110.25
17747.0,112,1,71.4
17749.0,177,2,337.26
17750.0,4,9,199.73
17752.0,358,1,80.64
17754.0,0,5,354.45
17757.0,0,30,186.84
17758.0,18,8,432.09
17759.0,16,3,278.33
17760.0,21,2,143.79
17761.0,32,1,712.78
17763.0,262,1,15.0
17764.0,50,2,409.41
17765.0,158,3,123.96
17767.0,14,1,271.2
17768.0,7,3,757.73
17769.0,12,10,399.8
17770.0,198,5,228.65
17771.0,56,2,122.9
17772.0,10,2,91.38
17774.0,96,4,306.35
17775.0,254,1,56.4
17777.0,24,3,221.95
17779.0,20,3,219.52
17781.0,158,2,94.01
17783.0,71,2,141.74
17785.0,52,1,131.94
17786.0,84,2,139.37
17787.0,152,4,466.3
17788.0,73,2,558.95
17789.0,280,1,225.9
17790.0,26,14,140.4
17791.0,29,1,106.1
17793.0,24,1,323.04
17795.0,179,2,175.2
17796.0,39,4,174.48
17797.0,21,3,260.14
17799.0,21,10,305.59
17800.0,36,9,133.22
17802.0,81,3,428.35
17805.0,73,1,512.31
17806.0,10,1,546.04
17809.0,15,12,450.99
17811.0,3,39,200.97
17812.0,12,4,183.04
17813.0,13,5,354.18
17816.0,36,4,9.14
17817.0,3,3,129.23
17819.0,71,7,529.27
17824.0,50,1,298.4
17827.0,4,5,399.09
17828.0,22,4,455.02
17829.0,298,1,889.24
17830.0,1,3,132.9
17831.0,32,1,35.4
17832.0,49,1,155.37
17835.0,2,3,116.88
17836.0,46,1,110.21
17837.0,41,8,199.17
17838.0,26,5,555.86
17839.0,41,1,338.8
17841.0,1,124,330.58
17843.0,302,1,205.48
17844.0,106,1,51.56
17846.0,84,1,2033.1
17848.0,80,9,100.13
17849.0,217,4,151.45
17850.0,371,34,158.56
17852.0,11,2,57.17
17854.0,184,2,155.63
17855.0,372,1,208.97
17856.0,1,4,354.51
17857.0,3,23,1168.65
17858.0,5,12,429.64
17859.0,304,1,148.21
17860.0,368,1,252.8
17861.0,2,8,262.6
17862.0,323,1,330.9
17863.0,58,6,526.67
17864.0,12,3,199.17
17865.0,30,20,526.32
17866.0,142,1,329.65
17867.0,29,6,199.52
17869.0,106,5,85.64
17870.0,1,12,157.86
17871.0,204,1,155.9
17873.0,79,5,371.83
17874.0,184,6,113.91
17877.0,169,1,237.61
17878.0,43,1,379.45
17879.0,173,1,178.52
17880.0,364,1,458.92
17881.0,303,1,133.35
17883.0,2,4,167.94
17884.0,3,4,179.36
17885.0,11,1,190.19
17886.0,31,3,299.87
17887.0,128,1,111.35
17888.0,20,8,90.76
17889.0,211,2,101.94
17890.0,322,2,301.04
17891.0,161,1,203.86
17892.0,55,3,81.37
17893.0,224,1,112.25
17894.0,71,8,139.98
17895.0,43,1,98.0
17896.0,22,1,256.32
17897.0,172,3,188.87
17898.0,84,2,76.03
17899.0,158,1,155.8
17900.0,189,2,56.1
17901.0,28,1,110.38
17904.0,20,1,191.67
17905.0,70,4,200.06
17906.0,246,1,72.9
17908.0,373,1,243.28
17911.0,8,1,366.23
17912.0,309,5,62.2
17913.0,58,2,205.8
17914.0,3,1,336.43
17917.0,44,3,113.76
17919.0,87,1,1304.04
17920.0,3,17,247.3
17921.0,63,4,206.63
17923.0,281,1,207.5
17924.0,11,7,423.21
17925.0,372,1,244.08
17926.0,132,2,198.64
17928.0,44,2,106.27
17929.0,10,4,210.75
17930.0,35,5,348.1
17931.0,133,2,204.18
17932.0,28,3,443.86
17934.0,51,2,352.12
17935.0,137,2,72.9
17936.0,4,1,389.84
17937.0,8,7,614.46
17939.0,159,1,99.14
17940.0,48,10,410.64
17941.0,130,1,304.56
17942.0,7,1,77.5
17946.0,232,2,74.79
17947.0,36,1,176.68
17948.0,146,1,358.56
17949.0,0,45,1300.23
17950.0,71,3,160.73
17951.0,39,3,336.18
17954.0,4,12,194.39
17955.0,198,4,139.32
17956.0,248,1,12.75
17957.0,65,1,111.68
17958.0,116,1,508.46
17960.0,170,1,73.78
17961.0,20,39,33.24
17962.0,141,1,102.83
17964.0,31,2,235.85
17965.0,37,14,187.33
17966.0,37,5,219.69
17967.0,371,1,123.07
17968.0,373,1,277.35
17969.0,165,2,114.1
17970.0,210,1,582.59
17972.0,241,1,136.04
17973.0,51,1,337.04
17974.0,24,3,246.93
17975.0,14,13,345.29
17976.0,371,1,353.19
17977.0,28,1,288.14
17978.0,364,1,300.92
17979.0,35,4,189.43
17980.0,165,3,270.48
17984.0,144,1,152.68
17985.0,21,1,634.95
17986.0,55,1,20.8
17987.0,184,1,198.57
17988.0,11,7,28.73
17990.0,236,3,210.28
17991.0,224,2,46.68
17994.0,121,4,169.62
17995.0,281,1,76.1
17997.0,73,8,246.33
17999.0,36,2,191.03
18001.0,11,2,208.62
18004.0,361,1,169.47
18005.0,3,2,124.86
18006.0,22,1,444.68
18008.0,69,9,235.13
18009.0,234,1,257.34
18010.0,256,1,174.8
18011.0,372,1,102.79
18013.0,154,2,93.64
18014.0,27,1,166.42
18015.0,3,1,120.03
18016.0,31,5,296.71
18017.0,80,3,174.33
18018.0,107,2,61.07
18019.0,51,1,38.45
18022.0,35,1,668.11
18024.0,152,2,194.89
18027.0,98,1,115.31
18030.0,3,2,115.32
18032.0,333,1,73.5
18033.0,64,1,97.97
18034.0,21,2,211.44
18035.0,35,3,243.47
18036.0,31,3,135.21
18037.0,153,6,11.67
18040.0,18,2,178.6
18041.0,11,21,199.21
18042.0,53,1,165.05
18043.0,24,3,186.5
18044.0,3,10,208.86
18045.0,44,1,189.4
18048.0,202,2,86.15
18050.0,358,1,74.4
18053.0,70,1,300.02
18055.0,6,10,678.42
18056.0,287,1,363.65
18058.0,9,1,170.16
18059.0,22,3,102.15
18061.0,21,10,211.94
18062.0,172,3,240.17
18064.0,132,2,407.0
18065.0,5,14,170.92
18066.0,74,1,318.0
18067.0,39,1,396.33
18068.0,288,1,101.7
18069.0,25,5,407.33
18071.0,257,2,226.5
18072.0,185,1,247.44
18073.0,113,12,323.13
18074.0,373,1,489.6
18075.0,22,10,261.18
18077.0,7,11,239.36
18078.0,216,2,168.06
18079.0,44,4,912.99
18080.0,18,2,615.75
18081.0,35,3,114.48
18082.0,25,1,703.37
18084.0,15,1,90.48
18085.0,329,2,344.98
18086.0,273,1,101.34
18087.0,97,2,2027.86
18088.0,60,1,167.67
18092.0,1,11,824.39
18093.0,92,4,526.63
18094.0,81,7,431.04
18095.0,312,2,290.02
18096.0,11,3,303.72
18097.0,7,6,449.63
18099.0,126,1,168.31
18101.0,10,2,111.82
18102.0,0,60,4327.62
18104.0,36,1,754.64
18105.0,37,1,113.48
18106.0,329,1,430.7
18108.0,253,1,271.0
18109.0,1,26,309.73
18110.0,19,1,236.3
18112.0,11,2,176.34
18113.0,368,1,76.32
18114.0,289,1,220.1
18116.0,67,8,177.25
18117.0,25,1,320.72
18118.0,10,26,217.45
18119.0,367,1,181.12
18120.0,213,1,111.15
18121.0,148,2,336.55
18122.0,7,6,304.37
18123.0,23,2,294.72
18125.0,29,4,285.75
18126.0,60,1,206.83
18127.0,18,3,116.24
18129.0,242,1,112.55
18130.0,14,3,353.13
18133.0,211,1,931.5
18135.0,28,5,136.38
18136.0,62,3,261.44
18138.0,294,1,152.65
18139.0,17,6,1406.39
18142.0,156,2,509.76
18143.0,116,2,500.08
18144.0,7,12,240.73
18145.0,12,4,715.39
18146.0,140,2,80.18
18147.0,45,2,89.67
18149.0,50,3,204.03
18150.0,31,3,188.86
18151.0,134,2,326.68
18154.0,2,2,199.6
18155.0,74,3,123.87
18156.0,12,2,367.47
18158.0,8,2,226.7
18159.0,300,1,530.15
18160.0,56,2,319.03
18161.0,14,5,323.74
18164.0,36,1,399.65
18165.0,176,1,302.46
18167.0,22,3,461.62
18168.0,175,6,194.99
18169.0,60,1,202.65
18170.0,32,3,326.77
18171.0,58,5,246.26
18172.0,14,20,378.08
18173.0,86,4,526.71
18174.0,6,1,104.0
18176.0,357,1,476.35
18177.0,30,6,223.57
18178.0,128,4,397.7
18179.0,8,6,298.86
18180.0,4,6,307.29
18181.0,23,1,382.8
18183.0,226,2,316.04
18184.0,14,1,49.8
18185.0,248,1,304.25
18188.0,14,3,667.01
18189.0,77,2,545.12
18190.0,191,2,142.23
18191.0,261,1,207.8
18192.0,71,1,957.97
18193.0,164,1,243.76
18194.0,81,1,973.84
18196.0,94,2,344.56
18198.0,3,17,319.15
18200.0,105,1,163.8
18202.0,199,3,465.66
18203.0,156,1,160.42
18204.0,70,3,664.57
18205.0,35,2,258.68
18209.0,28,1,139.1
18210.0,1,6,436.9
18211.0,25,5,120.01
18212.0,325,1,248.42
18213.0,236,1,232.48
18215.0,88,1,299.34
18216.0,30,1,481.75
18217.0,28,2,310.88
18218.0,210,2,331.04
18219.0,2,10,206.98
18220.0,226,1,305.28
18221.0,21,5,208.32
18222.0,92,1,443.0
18223.0,4,14,463.18
18224.0,263,1,158.95
18225.0,2,12,459.09
18226.0,43,11,475.28
18227.0,217,1,93.75
18228.0,56,2,389.95
18229.0,11,20,363.84
18230.0,8,7,401.46
18231.0,191,5,416.65
18232.0,81,4,148.24
18233.0,325,1,440.0
18235.0,71,3,598.83
18236.0,29,6,147.04
18237.0,2,5,197.42
18239.0,218,5,312.32
18240.0,45,1,422.58
18241.0,9,17,121.95
18242.0,71,4,558.12
18245.0,6,7,366.72
18246.0,23,2,298.05
18248.0,122,2,402.01
18249.0,16,1,95.34
18250.0,309,1,349.27
18251.0,86,1,4314.72
18252.0,50,2,263.33
18255.0,88,1,103.3
18257.0,38,8,292.2
18259.0,24,3,779.53
18260.0,172,6,440.53
18261.0,42,2,162.12
18262.0,139,1,149.48
18263.0,25,3,404.39
18265.0,71,2,400.76
18268.0,133,1,25.5
18269.0,365,1,168.6
18270.0,37,2,141.58
18272.0,2,6,513.1
18273.0,1,3,68.0
18274.0,29,1,175.92
18276.0,43,1,335.86
18277.0,57,1,110.38
18278.0,73,1,173.9
18280.0,277,1,180.6
18281.0,180,1,80.82
18282.0,7,2,89.02
18283.0,3,16,130.93
18287.0,42,3,612.43
